aa,pos,plddt,rsa,uniprot_id,location
PRO,1,47.36,1.248252,A0A0A0MT76,disordered
SER,2,54.11,0.864754,A0A0A0MT76,intermediate
ARG,3,57.14,0.929461,A0A0A0MT76,intermediate
LEU,4,63.4,0.867222,A0A0A0MT76,intermediate
LEU,5,64.13,0.787222,A0A0A0MT76,intermediate
LEU,6,60.09,0.913889,A0A0A0MT76,intermediate
GLN,7,59.52,0.801587,A0A0A0MT76,intermediate
PRO,8,57.84,0.702797,A0A0A0MT76,intermediate
SER,9,57.56,0.786885,A0A0A0MT76,intermediate
PRO,10,59.48,0.751049,A0A0A0MT76,intermediate
GLN,11,59.08,0.943386,A0A0A0MT76,intermediate
ARG,12,57.23,0.922407,A0A0A0MT76,intermediate
ALA,13,59.06,0.637168,A0A0A0MT76,intermediate
ASP,14,63.44,0.368212,A0A0A0MT76,intermediate
PRO,15,63.43,0.705594,A0A0A0MT76,intermediate
ARG,16,62.97,0.820332,A0A0A0MT76,intermediate
CYS,17,65.4,0.681429,A0A0A0MT76,intermediate
TRP,18,67.39,0.712741,A0A0A0MT76,intermediate
PRO,19,62.49,0.554545,A0A0A0MT76,intermediate
ARG,20,62.34,0.979253,A0A0A0MT76,intermediate
GLY,21,58.43,0.818824,A0A0A0MT76,intermediate
PHE,22,62.71,0.641284,A0A0A0MT76,intermediate
TRP,23,58.75,0.857915,A0A0A0MT76,intermediate
SER,24,62.02,0.559836,A0A0A0MT76,intermediate
GLU,25,62.94,0.83388,A0A0A0MT76,intermediate
PRO,26,64.68,0.799301,A0A0A0MT76,intermediate
GLN,27,64.95,0.76455,A0A0A0MT76,intermediate
SER,28,70.74,0.95,A0A0A0MT76,ordered
LEU,29,74.31,0.607222,A0A0A0MT76,ordered
CYS,30,81.01,0.813571,A0A0A0MT76,ordered
TYR,31,82.2,0.648908,A0A0A0MT76,ordered
VAL,32,85.88,0.82375,A0A0A0MT76,ordered
PHE,33,88.08,0.519266,A0A0A0MT76,ordered
GLY,34,90.46,0.564706,A0A0A0MT76,ordered
THR,35,90.78,1.023288,A0A0A0MT76,ordered
GLY,36,92.4,1.041176,A0A0A0MT76,ordered
THR,37,92.59,0.527397,A0A0A0MT76,ordered
LYS,38,92.07,0.856872,A0A0A0MT76,ordered
VAL,39,87.68,0.485,A0A0A0MT76,ordered
THR,40,90.09,0.682877,A0A0A0MT76,ordered
VAL,41,81.37,0.81125,A0A0A0MT76,ordered
LEU,42,81.51,1.230556,A0A0A0MT76,ordered
