aa,pos,plddt,rsa,uniprot_id,location
MET,1,35.86,1.065196,A0A286YEX9,disordered
GLY,2,38.83,0.668235,A0A286YEX9,disordered
CYS,3,40.39,0.458571,A0A286YEX9,disordered
CYS,4,36.96,0.796429,A0A286YEX9,disordered
GLY,5,39.97,0.742353,A0A286YEX9,disordered
CYS,6,41.53,0.412857,A0A286YEX9,disordered
GLY,7,38.35,1.004706,A0A286YEX9,disordered
GLY,8,38.51,0.855294,A0A286YEX9,disordered
CYS,9,42.43,0.164286,A0A286YEX9,disordered
GLY,10,37.96,0.690588,A0A286YEX9,disordered
GLY,11,38.28,0.812941,A0A286YEX9,disordered
ARG,12,40.45,0.892946,A0A286YEX9,disordered
CYS,13,43.58,0.152143,A0A286YEX9,disordered
SER,14,45.73,0.860656,A0A286YEX9,disordered
GLY,15,41.2,0.970588,A0A286YEX9,disordered
GLY,16,39.13,0.787059,A0A286YEX9,disordered
CYS,17,43.8,0.255,A0A286YEX9,disordered
GLY,18,41.48,0.983529,A0A286YEX9,disordered
GLY,19,38.37,1.009412,A0A286YEX9,disordered
GLY,20,37.37,0.602353,A0A286YEX9,disordered
CYS,21,45.51,0.278571,A0A286YEX9,disordered
GLY,22,39.79,1.047059,A0A286YEX9,disordered
GLY,23,36.22,0.944706,A0A286YEX9,disordered
GLY,24,38.04,0.592941,A0A286YEX9,disordered
CYS,25,46.4,0.535714,A0A286YEX9,disordered
GLY,26,40.06,0.974118,A0A286YEX9,disordered
GLY,27,37.8,0.761176,A0A286YEX9,disordered
GLY,28,35.07,0.887059,A0A286YEX9,disordered
CYS,29,43.87,0.237857,A0A286YEX9,disordered
GLY,30,39.4,0.830588,A0A286YEX9,disordered
GLY,31,38.1,0.929412,A0A286YEX9,disordered
GLY,32,36.85,0.775294,A0A286YEX9,disordered
CYS,33,41.69,0.152857,A0A286YEX9,disordered
GLY,34,39.13,0.763529,A0A286YEX9,disordered
GLY,35,37.97,0.956471,A0A286YEX9,disordered
CYS,36,41.08,0.265714,A0A286YEX9,disordered
GLY,37,38.77,0.937647,A0A286YEX9,disordered
GLY,38,39.24,0.94,A0A286YEX9,disordered
GLY,39,37.29,0.42,A0A286YEX9,disordered
CYS,40,41.04,0.615714,A0A286YEX9,disordered
GLY,41,39.27,0.943529,A0A286YEX9,disordered
SER,42,42.95,0.756557,A0A286YEX9,disordered
TYR,43,37.86,0.659389,A0A286YEX9,disordered
THR,44,39.14,0.960274,A0A286YEX9,disordered
THR,45,36.48,0.656164,A0A286YEX9,disordered
CYS,46,35.04,0.691429,A0A286YEX9,disordered
ARG,47,35.85,0.893776,A0A286YEX9,disordered
