aa,pos,plddt,rsa,uniprot_id,location
MET,1,55.29,1.193137,A4D0T7,intermediate
THR,2,68.98,0.662329,A4D0T7,intermediate
SER,3,81.37,0.489344,A4D0T7,ordered
VAL,4,79.96,0.6475,A4D0T7,ordered
SER,5,78.84,0.637705,A4D0T7,ordered
THR,6,83.48,0.425342,A4D0T7,ordered
GLN,7,82.93,0.579365,A4D0T7,ordered
LEU,8,82.96,0.391667,A4D0T7,ordered
SER,9,83.77,0.421311,A4D0T7,ordered
LEU,10,87.02,0.594444,A4D0T7,ordered
VAL,11,86.28,0.505625,A4D0T7,ordered
LEU,12,84.61,0.442778,A4D0T7,ordered
MET,13,86.18,0.595098,A4D0T7,ordered
SER,14,83.7,0.570492,A4D0T7,ordered
LEU,15,81.92,0.350556,A4D0T7,ordered
LEU,16,82.14,0.636111,A4D0T7,ordered
LEU,17,83.31,0.771111,A4D0T7,ordered
VAL,18,79.27,0.47875,A4D0T7,ordered
LEU,19,74.59,0.583333,A4D0T7,ordered
PRO,20,72.65,0.63986,A4D0T7,ordered
VAL,21,74.77,0.511875,A4D0T7,ordered
VAL,22,69.75,0.305,A4D0T7,intermediate
GLU,23,70.68,0.931694,A4D0T7,ordered
ALA,24,77.38,0.860177,A4D0T7,ordered
VAL,25,76.36,0.27875,A4D0T7,ordered
GLU,26,84.91,0.787432,A4D0T7,ordered
ALA,27,83.45,0.628319,A4D0T7,ordered
GLY,28,83.73,0.565882,A4D0T7,ordered
ASP,29,86.1,0.592715,A4D0T7,ordered
ALA,30,84.83,0.280531,A4D0T7,ordered
ILE,31,87.52,0.543956,A4D0T7,ordered
ALA,32,89.24,0.536283,A4D0T7,ordered
LEU,33,85.61,0.555,A4D0T7,ordered
LEU,34,86.58,0.625556,A4D0T7,ordered
LEU,35,90.82,0.566667,A4D0T7,ordered
GLY,36,90.72,0.456471,A4D0T7,ordered
VAL,37,87.76,0.235625,A4D0T7,ordered
VAL,38,90.42,0.48125,A4D0T7,ordered
LEU,39,91.11,0.696667,A4D0T7,ordered
SER,40,89.08,0.458197,A4D0T7,ordered
ILE,41,89.49,0.438462,A4D0T7,ordered
THR,42,92.96,0.558219,A4D0T7,ordered
GLY,43,92.07,0.384706,A4D0T7,ordered
ILE,44,89.53,0.34011,A4D0T7,ordered
CYS,45,90.28,0.551429,A4D0T7,ordered
ALA,46,93.29,0.515929,A4D0T7,ordered
CYS,47,92.02,0.645,A4D0T7,ordered
LEU,48,90.62,0.445556,A4D0T7,ordered
GLY,49,92.23,0.369412,A4D0T7,ordered
VAL,50,93.67,0.48125,A4D0T7,ordered
TYR,51,91.45,0.533624,A4D0T7,ordered
ALA,52,94.01,0.495575,A4D0T7,ordered
ARG,53,95.7,0.546888,A4D0T7,ordered
LYS,54,95.26,0.696209,A4D0T7,ordered
ARG,55,94.24,0.777178,A4D0T7,ordered
ASN,56,95.92,0.665823,A4D0T7,ordered
GLY,57,95.11,0.770588,A4D0T7,ordered
GLN,58,94.1,0.634392,A4D0T7,ordered
MET,59,83.95,0.692647,A4D0T7,ordered
