aa,pos,plddt,rsa,uniprot_id,location
MET,1,80.9,0.961765,E0CX11,ordered
LEU,2,90.14,0.715556,E0CX11,ordered
GLN,3,89.61,0.787302,E0CX11,ordered
PHE,4,92.84,0.690826,E0CX11,ordered
LEU,5,94.64,0.594444,E0CX11,ordered
LEU,6,95.43,0.502778,E0CX11,ordered
GLY,7,95.71,0.511765,E0CX11,ordered
PHE,8,94.83,0.561927,E0CX11,ordered
THR,9,95.65,0.509589,E0CX11,ordered
LEU,10,96.03,0.6,E0CX11,ordered
GLY,11,95.18,0.527059,E0CX11,ordered
ASN,12,94.75,0.446835,E0CX11,ordered
VAL,13,93.62,0.56875,E0CX11,ordered
VAL,14,92.8,0.52875,E0CX11,ordered
GLY,15,92.23,0.434118,E0CX11,ordered
MET,16,89.15,0.585294,E0CX11,ordered
TYR,17,86.22,0.637555,E0CX11,ordered
LEU,18,88.21,0.483889,E0CX11,ordered
ALA,19,83.68,0.409735,E0CX11,ordered
GLN,20,77.24,0.501058,E0CX11,ordered
ASN,21,76.04,0.477848,E0CX11,ordered
TYR,22,68.87,0.730568,E0CX11,intermediate
ASP,23,68.49,0.549669,E0CX11,intermediate
ILE,24,71.26,0.528571,E0CX11,ordered
PRO,25,74.91,0.481119,E0CX11,ordered
ASN,26,76.53,0.58481,E0CX11,ordered
LEU,27,79.77,0.522222,E0CX11,ordered
ALA,28,82.66,0.484956,E0CX11,ordered
LYS,29,84.21,0.712796,E0CX11,ordered
LYS,30,86.11,0.572986,E0CX11,ordered
LEU,31,88.41,0.618333,E0CX11,ordered
GLU,32,90.05,0.565027,E0CX11,ordered
GLU,33,89.94,0.693443,E0CX11,ordered
ILE,34,89.88,0.586264,E0CX11,ordered
LYS,35,90.61,0.672986,E0CX11,ordered
LYS,36,90.05,0.625118,E0CX11,ordered
ASP,37,88.81,0.522517,E0CX11,ordered
LEU,38,89.28,0.532778,E0CX11,ordered
ASP,39,86.39,0.624503,E0CX11,ordered
ALA,40,84.0,0.589381,E0CX11,ordered
LYS,41,79.41,0.728436,E0CX11,ordered
LYS,42,75.57,0.696682,E0CX11,ordered
LYS,43,66.74,0.735545,E0CX11,intermediate
PRO,44,61.06,0.708392,E0CX11,intermediate
PRO,45,62.74,0.846853,E0CX11,intermediate
SER,46,63.92,0.931967,E0CX11,intermediate
ALA,47,51.87,1.465487,E0CX11,intermediate
