aa,pos,plddt,rsa,uniprot_id,location
MET,1,85.76,0.576961,O00244,ordered
PRO,2,94.82,0.374825,O00244,ordered
LYS,3,98.2,0.387204,O00244,ordered
HIS,4,98.54,0.095361,O00244,ordered
GLU,5,98.69,0.236066,O00244,ordered
PHE,6,98.84,0.0,O00244,ordered
SER,7,98.69,0.267213,O00244,ordered
VAL,8,98.79,0.0,O00244,ordered
ASP,9,98.34,0.437748,O00244,ordered
MET,10,97.94,0.017157,O00244,ordered
THR,11,96.2,0.741781,O00244,ordered
CYS,12,97.45,0.445714,O00244,ordered
GLY,13,96.72,0.492941,O00244,ordered
GLY,14,98.33,0.525882,O00244,ordered
CYS,15,98.38,0.112143,O00244,ordered
ALA,16,98.44,0.149558,O00244,ordered
GLU,17,98.62,0.523497,O00244,ordered
ALA,18,98.69,0.255752,O00244,ordered
VAL,19,98.84,0.0,O00244,ordered
SER,20,98.83,0.236885,O00244,ordered
ARG,21,98.83,0.663485,O00244,ordered
VAL,22,98.82,0.170625,O00244,ordered
LEU,23,98.84,0.0,O00244,ordered
ASN,24,98.75,0.656329,O00244,ordered
LYS,25,98.73,0.872038,O00244,ordered
LEU,26,98.69,0.288333,O00244,ordered
GLY,27,98.06,0.297647,O00244,ordered
GLY,28,97.86,0.755294,O00244,ordered
VAL,29,98.4,0.181875,O00244,ordered
LYS,30,98.7,0.608057,O00244,ordered
TYR,31,98.6,0.302183,O00244,ordered
ASP,32,98.59,0.654305,O00244,ordered
ILE,33,98.69,0.235165,O00244,ordered
ASP,34,98.16,0.31457,O00244,ordered
LEU,35,98.09,0.306111,O00244,ordered
PRO,36,97.34,0.846853,O00244,ordered
ASN,37,97.99,0.61519,O00244,ordered
LYS,38,98.49,0.349763,O00244,ordered
LYS,39,98.6,0.337441,O00244,ordered
VAL,40,98.85,0.0,O00244,ordered
CYS,41,98.7,0.298571,O00244,ordered
ILE,42,98.74,0.006044,O00244,ordered
GLU,43,98.72,0.259563,O00244,ordered
SER,44,98.47,0.004098,O00244,ordered
GLU,45,97.98,0.737705,O00244,ordered
HIS,46,98.23,0.309278,O00244,ordered
SER,47,96.85,0.505738,O00244,ordered
MET,48,97.07,0.220098,O00244,ordered
ASP,49,98.21,0.712583,O00244,ordered
THR,50,98.66,0.347945,O00244,ordered
LEU,51,98.77,0.0,O00244,ordered
LEU,52,98.64,0.188889,O00244,ordered
ALA,53,98.74,0.463717,O00244,ordered
THR,54,98.88,0.029452,O00244,ordered
LEU,55,98.9,0.0,O00244,ordered
LYS,56,98.6,0.534123,O00244,ordered
LYS,57,98.56,0.716114,O00244,ordered
THR,58,98.3,0.213699,O00244,ordered
GLY,59,98.12,0.867059,O00244,ordered
LYS,60,97.89,0.198578,O00244,ordered
THR,61,98.48,0.711644,O00244,ordered
VAL,62,98.78,0.135625,O00244,ordered
SER,63,98.42,0.431148,O00244,ordered
TYR,64,98.52,0.379913,O00244,ordered
LEU,65,97.84,0.509444,O00244,ordered
GLY,66,95.6,0.202353,O00244,ordered
LEU,67,89.81,0.666111,O00244,ordered
GLU,68,78.82,0.842623,O00244,ordered
