aa,pos,plddt,rsa,uniprot_id,location
MET,1,57.51,1.060294,O00631,intermediate
GLY,2,69.77,0.591765,O00631,intermediate
ILE,3,74.8,0.691209,O00631,ordered
ASN,4,87.74,0.655063,O00631,ordered
THR,5,89.52,0.633562,O00631,ordered
ARG,6,91.55,0.732365,O00631,ordered
GLU,7,93.55,0.520765,O00631,ordered
LEU,8,93.89,0.692222,O00631,ordered
PHE,9,94.65,0.628899,O00631,ordered
LEU,10,96.22,0.558889,O00631,ordered
ASN,11,96.3,0.590506,O00631,ordered
PHE,12,96.34,0.619725,O00631,ordered
THR,13,97.17,0.300685,O00631,ordered
ILE,14,98.08,0.527473,O00631,ordered
VAL,15,98.32,0.54875,O00631,ordered
LEU,16,98.08,0.502222,O00631,ordered
ILE,17,98.21,0.474176,O00631,ordered
THR,18,97.98,0.399315,O00631,ordered
VAL,19,98.37,0.54,O00631,ordered
ILE,20,97.83,0.473626,O00631,ordered
LEU,21,97.95,0.582222,O00631,ordered
MET,22,97.09,0.638725,O00631,ordered
TRP,23,97.03,0.691506,O00631,ordered
LEU,24,97.53,0.533889,O00631,ordered
LEU,25,97.09,0.553333,O00631,ordered
VAL,26,97.16,0.496875,O00631,ordered
ARG,27,95.25,0.656846,O00631,ordered
SER,28,94.7,0.679508,O00631,ordered
TYR,29,94.2,0.817031,O00631,ordered
GLN,30,83.87,0.818519,O00631,ordered
TYR,31,72.81,1.08821,O00631,ordered
