aa,pos,plddt,rsa,uniprot_id,location
MET,1,55.06,1.128431,O14604,intermediate
SER,2,57.41,0.939344,O14604,intermediate
ASP,3,63.27,0.964901,O14604,intermediate
LYS,4,68.65,0.672038,O14604,intermediate
PRO,5,69.38,0.720979,O14604,intermediate
GLY,6,77.14,0.348235,O14604,ordered
MET,7,80.24,0.509314,O14604,ordered
ALA,8,83.08,0.417699,O14604,ordered
GLU,9,84.48,0.724044,O14604,ordered
ILE,10,85.37,0.657692,O14604,ordered
GLU,11,85.07,0.860109,O14604,ordered
LYS,12,88.21,0.809005,O14604,ordered
PHE,13,88.58,0.500917,O14604,ordered
ASP,14,88.65,0.48543,O14604,ordered
LYS,15,89.35,0.778199,O14604,ordered
SER,16,89.74,0.7,O14604,ordered
LYS,17,90.69,0.740758,O14604,ordered
LEU,18,91.34,0.550556,O14604,ordered
LYS,19,90.68,0.905687,O14604,ordered
LYS,20,88.44,0.948815,O14604,ordered
THR,21,87.36,0.780822,O14604,ordered
GLU,22,85.1,0.843716,O14604,ordered
THR,23,85.6,0.79726,O14604,ordered
GLN,24,83.87,0.70582,O14604,ordered
GLU,25,77.03,0.840437,O14604,ordered
LYS,26,78.44,0.847393,O14604,ordered
ASN,27,81.42,0.660127,O14604,ordered
PRO,28,75.33,0.754545,O14604,ordered
LEU,29,76.25,0.882222,O14604,ordered
SER,30,82.3,0.551639,O14604,ordered
SER,31,81.93,0.464754,O14604,ordered
LYS,32,83.75,0.854976,O14604,ordered
GLU,33,85.76,0.71694,O14604,ordered
THR,34,85.04,0.393836,O14604,ordered
ILE,35,86.95,0.488462,O14604,ordered
GLU,36,86.03,0.515847,O14604,ordered
GLN,37,86.43,0.57619,O14604,ordered
GLU,38,87.4,0.706557,O14604,ordered
ARG,39,84.97,0.470124,O14604,ordered
GLN,40,81.44,0.569841,O14604,ordered
ALA,41,79.37,0.636283,O14604,ordered
GLY,42,73.63,0.789412,O14604,ordered
GLU,43,63.98,0.708743,O14604,intermediate
SER,44,54.49,1.208197,O14604,intermediate
