aa,pos,plddt,rsa,uniprot_id,location
MET,1,85.07,1.014706,O14957,ordered
VAL,2,89.57,0.718125,O14957,ordered
THR,3,90.59,0.715753,O14957,ordered
ARG,4,89.72,0.678838,O14957,ordered
PHE,5,90.04,0.498624,O14957,ordered
LEU,6,87.59,0.831111,O14957,ordered
GLY,7,91.83,0.2,O14957,ordered
PRO,8,93.31,0.620979,O14957,ordered
ARG,9,94.24,0.795436,O14957,ordered
TYR,10,94.14,0.395197,O14957,ordered
ARG,11,93.21,0.670539,O14957,ordered
GLU,12,95.56,0.642623,O14957,ordered
LEU,13,95.96,0.501667,O14957,ordered
VAL,14,95.58,0.544375,O14957,ordered
LYS,15,95.26,0.716588,O14957,ordered
ASN,16,96.49,0.748734,O14957,ordered
TRP,17,96.72,0.602703,O14957,ordered
VAL,18,96.43,0.35875,O14957,ordered
PRO,19,97.16,0.537063,O14957,ordered
THR,20,97.01,0.360959,O14957,ordered
ALA,21,97.63,0.587611,O14957,ordered
TYR,22,97.82,0.745852,O14957,ordered
THR,23,98.08,0.556849,O14957,ordered
TRP,24,97.64,0.693822,O14957,ordered
GLY,25,97.54,0.52,O14957,ordered
ALA,26,97.9,0.468142,O14957,ordered
VAL,27,97.74,0.510625,O14957,ordered
GLY,28,97.37,0.508235,O14957,ordered
ALA,29,97.03,0.486726,O14957,ordered
VAL,30,96.21,0.62625,O14957,ordered
GLY,31,96.86,0.361176,O14957,ordered
LEU,32,97.22,0.487778,O14957,ordered
VAL,33,95.08,0.09875,O14957,ordered
TRP,34,91.35,0.752896,O14957,ordered
ALA,35,94.97,0.672566,O14957,ordered
THR,36,94.29,0.584247,O14957,ordered
ASP,37,88.73,0.400662,O14957,ordered
TRP,38,89.35,0.427799,O14957,ordered
ARG,39,87.6,0.453527,O14957,ordered
LEU,40,89.56,0.738333,O14957,ordered
ILE,41,90.53,0.421429,O14957,ordered
LEU,42,89.38,0.088889,O14957,ordered
ASP,43,87.35,0.361589,O14957,ordered
TRP,44,88.52,0.823938,O14957,ordered
VAL,45,88.96,0.33125,O14957,ordered
PRO,46,85.84,0.802797,O14957,ordered
TYR,47,83.9,0.924454,O14957,ordered
ILE,48,84.65,0.338462,O14957,ordered
ASN,49,77.05,0.393671,O14957,ordered
GLY,50,76.18,0.462353,O14957,ordered
LYS,51,73.01,0.559716,O14957,ordered
PHE,52,71.37,0.219266,O14957,ordered
LYS,53,68.52,0.718009,O14957,intermediate
LYS,54,66.12,0.795735,O14957,intermediate
ASP,55,67.97,0.986093,O14957,intermediate
ASN,56,52.13,1.363924,O14957,intermediate
