aa,pos,plddt,rsa,uniprot_id,location
MET,1,63.14,0.945588,O15263,intermediate
ARG,2,76.72,0.878423,O15263,ordered
VAL,3,80.7,0.6375,O15263,ordered
LEU,4,79.6,0.673333,O15263,ordered
TYR,5,80.34,0.726638,O15263,ordered
LEU,6,83.52,0.713333,O15263,ordered
LEU,7,83.98,0.618889,O15263,ordered
PHE,8,82.21,0.588991,O15263,ordered
SER,9,83.1,0.52623,O15263,ordered
PHE,10,82.19,0.584862,O15263,ordered
LEU,11,82.02,0.535,O15263,ordered
PHE,12,79.03,0.569266,O15263,ordered
ILE,13,78.46,0.628022,O15263,ordered
PHE,14,70.43,0.648624,O15263,ordered
LEU,15,69.31,0.665,O15263,intermediate
MET,16,65.3,0.639706,O15263,intermediate
PRO,17,59.75,0.774126,O15263,intermediate
LEU,18,57.06,0.603333,O15263,intermediate
PRO,19,52.67,0.976923,O15263,intermediate
GLY,20,51.2,0.821176,O15263,intermediate
VAL,21,53.19,0.45375,O15263,intermediate
PHE,22,54.66,0.676147,O15263,intermediate
GLY,23,54.5,0.92,O15263,intermediate
GLY,24,62.2,0.710588,O15263,intermediate
ILE,25,65.31,0.113736,O15263,intermediate
GLY,26,72.07,0.607059,O15263,ordered
ASP,27,80.55,0.354967,O15263,ordered
PRO,28,82.32,0.360839,O15263,ordered
VAL,29,85.31,0.53125,O15263,ordered
THR,30,85.79,0.40137,O15263,ordered
CYS,31,85.56,0.0,O15263,ordered
LEU,32,86.61,0.627778,O15263,ordered
LYS,33,88.21,0.81327,O15263,ordered
SER,34,83.1,0.298361,O15263,ordered
GLY,35,85.84,0.698824,O15263,ordered
ALA,36,89.6,0.039823,O15263,ordered
ILE,37,88.62,0.334066,O15263,ordered
CYS,38,87.31,0.375714,O15263,ordered
HIS,39,88.96,0.248454,O15263,ordered
PRO,40,87.3,0.548951,O15263,ordered
VAL,41,82.37,0.68875,O15263,ordered
PHE,42,85.03,0.586239,O15263,ordered
CYS,43,86.06,0.204286,O15263,ordered
PRO,44,88.64,0.260839,O15263,ordered
ARG,45,86.45,1.037759,O15263,ordered
ARG,46,88.79,0.825311,O15263,ordered
TYR,47,87.9,0.243668,O15263,ordered
LYS,48,86.84,0.620379,O15263,ordered
GLN,49,86.28,0.472487,O15263,ordered
ILE,50,83.99,0.348901,O15263,ordered
GLY,51,83.02,0.050588,O15263,ordered
THR,52,84.8,0.282877,O15263,ordered
CYS,53,82.52,0.008571,O15263,ordered
GLY,54,80.09,0.630588,O15263,ordered
LEU,55,79.56,0.584444,O15263,ordered
PRO,56,78.24,0.909091,O15263,ordered
GLY,57,80.23,0.588235,O15263,ordered
THR,58,85.13,0.171233,O15263,ordered
LYS,59,86.58,0.206635,O15263,ordered
CYS,60,86.41,0.0,O15263,ordered
CYS,61,87.84,0.0,O15263,ordered
LYS,62,88.21,0.365403,O15263,ordered
LYS,63,86.03,0.582464,O15263,ordered
PRO,64,79.44,0.991608,O15263,ordered
