aa,pos,plddt,rsa,uniprot_id,location
MET,1,58.53,1.133824,O75394,intermediate
PHE,2,60.27,0.956881,O75394,intermediate
LEU,3,63.44,0.912222,O75394,intermediate
SER,4,68.88,0.486066,O75394,intermediate
ALA,5,71.14,0.70708,O75394,ordered
VAL,6,71.25,0.683125,O75394,ordered
PHE,7,74.18,0.852294,O75394,ordered
PHE,8,79.05,0.872477,O75394,ordered
ALA,9,84.22,0.661947,O75394,ordered
LYS,10,84.68,0.909953,O75394,ordered
SER,11,88.17,0.830328,O75394,ordered
LYS,12,88.07,0.755924,O75394,ordered
SER,13,92.11,0.246721,O75394,ordered
LYS,14,93.99,0.792417,O75394,ordered
ASN,15,95.57,0.437975,O75394,ordered
ILE,16,95.92,0.057692,O75394,ordered
LEU,17,97.22,0.166667,O75394,ordered
VAL,18,97.21,0.005,O75394,ordered
ARG,19,96.85,0.455187,O75394,ordered
MET,20,97.31,0.0,O75394,ordered
VAL,21,96.23,0.190625,O75394,ordered
SER,22,96.23,0.056557,O75394,ordered
GLU,23,94.22,0.628962,O75394,ordered
ALA,24,93.33,0.438053,O75394,ordered
GLY,25,91.0,0.802353,O75394,ordered
THR,26,91.99,0.332877,O75394,ordered
GLY,27,91.48,0.634118,O75394,ordered
PHE,28,94.61,0.295872,O75394,ordered
CYS,29,95.44,0.256429,O75394,ordered
PHE,30,95.5,0.186239,O75394,ordered
ASN,31,96.22,0.591772,O75394,ordered
THR,32,95.93,0.231507,O75394,ordered
LYS,33,95.58,0.646919,O75394,ordered
ARG,34,95.1,0.127801,O75394,ordered
ASN,35,95.0,0.46962,O75394,ordered
ARG,36,92.93,0.303734,O75394,ordered
LEU,37,92.96,0.889444,O75394,ordered
ARG,38,94.83,0.658091,O75394,ordered
GLU,39,94.38,0.826776,O75394,ordered
LYS,40,94.99,0.710427,O75394,ordered
LEU,41,94.79,0.113889,O75394,ordered
THR,42,95.38,0.618493,O75394,ordered
LEU,43,95.0,0.322778,O75394,ordered
LEU,44,95.52,0.75,O75394,ordered
HIS,45,95.4,0.444845,O75394,ordered
TYR,46,96.05,0.472489,O75394,ordered
ASP,47,95.11,0.0,O75394,ordered
PRO,48,94.06,0.437063,O75394,ordered
VAL,49,93.94,0.5875,O75394,ordered
VAL,50,93.5,0.340625,O75394,ordered
LYS,51,94.18,0.715166,O75394,ordered
GLN,52,94.81,0.607937,O75394,ordered
ARG,53,95.66,0.826556,O75394,ordered
VAL,54,95.8,0.149375,O75394,ordered
LEU,55,96.51,0.331667,O75394,ordered
PHE,56,97.27,0.0,O75394,ordered
VAL,57,96.5,0.301875,O75394,ordered
GLU,58,96.7,0.096721,O75394,ordered
LYS,59,94.85,0.770142,O75394,ordered
LYS,60,94.17,0.624645,O75394,ordered
LYS,61,95.17,0.511374,O75394,ordered
ILE,62,95.13,0.431868,O75394,ordered
ARG,63,93.96,0.619087,O75394,ordered
SER,64,92.19,0.465574,O75394,ordered
LEU,65,87.92,0.560556,O75394,ordered
