aa,pos,plddt,rsa,uniprot_id,location
MET,1,62.99,1.164216,O75438,intermediate
VAL,2,72.32,0.75625,O75438,ordered
ASN,3,85.04,0.433544,O75438,ordered
LEU,4,82.87,0.705556,O75438,ordered
LEU,5,84.63,0.732222,O75438,ordered
GLN,6,83.96,0.557143,O75438,ordered
ILE,7,83.67,0.424176,O75438,ordered
VAL,8,83.75,0.546875,O75438,ordered
ARG,9,86.22,0.80166,O75438,ordered
ASP,10,91.63,0.724503,O75438,ordered
HIS,11,90.26,0.497423,O75438,ordered
TRP,12,92.19,0.55251,O75438,ordered
VAL,13,93.52,0.48875,O75438,ordered
HIS,14,92.46,0.67732,O75438,ordered
VAL,15,90.66,0.5075,O75438,ordered
LEU,16,93.71,0.488333,O75438,ordered
VAL,17,96.02,0.7375,O75438,ordered
PRO,18,96.94,0.500699,O75438,ordered
MET,19,96.51,0.516667,O75438,ordered
GLY,20,97.66,0.48,O75438,ordered
PHE,21,98.1,0.650917,O75438,ordered
VAL,22,97.95,0.59625,O75438,ordered
ILE,23,97.92,0.468681,O75438,ordered
GLY,24,98.05,0.316471,O75438,ordered
CYS,25,97.8,0.337857,O75438,ordered
TYR,26,97.45,0.623144,O75438,ordered
LEU,27,97.87,0.543889,O75438,ordered
ASP,28,96.87,0.629139,O75438,ordered
ARG,29,94.86,0.711203,O75438,ordered
LYS,30,94.65,0.44455,O75438,ordered
SER,31,94.9,0.441803,O75438,ordered
ASP,32,93.14,0.444371,O75438,ordered
GLU,33,90.85,0.65847,O75438,ordered
ARG,34,90.1,0.783817,O75438,ordered
LEU,35,91.9,0.67,O75438,ordered
THR,36,92.8,0.230822,O75438,ordered
ALA,37,92.64,0.599115,O75438,ordered
PHE,38,94.71,0.731651,O75438,ordered
ARG,39,93.94,0.292531,O75438,ordered
ASN,40,94.83,0.26519,O75438,ordered
LYS,41,94.05,0.638389,O75438,ordered
SER,42,94.59,0.310656,O75438,ordered
MET,43,95.08,0.783333,O75438,ordered
LEU,44,97.0,0.850556,O75438,ordered
PHE,45,95.64,0.713303,O75438,ordered
LYS,46,94.56,0.555924,O75438,ordered
ARG,47,97.16,0.463071,O75438,ordered
GLU,48,95.28,0.910383,O75438,ordered
LEU,49,95.18,0.427222,O75438,ordered
GLN,50,94.65,0.63545,O75438,ordered
PRO,51,93.64,1.053147,O75438,ordered
SER,52,94.07,0.895902,O75438,ordered
GLU,53,94.41,0.236066,O75438,ordered
GLU,54,93.03,0.91694,O75438,ordered
VAL,55,93.37,0.27375,O75438,ordered
THR,56,93.46,0.279452,O75438,ordered
TRP,57,91.61,0.407722,O75438,ordered
LYS,58,87.65,0.916588,O75438,ordered
