aa,pos,plddt,rsa,uniprot_id,location
MET,1,61.4,1.165196,O97980,intermediate
GLU,2,58.83,1.001093,O97980,intermediate
GLU,3,62.46,0.960109,O97980,intermediate
GLN,4,68.13,0.869312,O97980,intermediate
PRO,5,70.78,0.800699,O97980,ordered
GLU,6,66.45,0.93224,O97980,intermediate
CYS,7,67.75,0.872143,O97980,intermediate
ARG,8,70.89,0.824896,O97980,ordered
GLU,9,67.6,0.949727,O97980,intermediate
GLU,10,66.49,0.708743,O97980,intermediate
LYS,11,69.6,0.904265,O97980,intermediate
ARG,12,77.27,0.976763,O97980,ordered
GLY,13,80.0,0.882353,O97980,ordered
SER,14,82.14,0.762295,O97980,ordered
LEU,15,85.64,0.850556,O97980,ordered
HIS,16,85.02,0.869588,O97980,ordered
VAL,17,87.05,0.701875,O97980,ordered
TRP,18,88.62,0.895367,O97980,ordered
LYS,19,88.8,0.881991,O97980,ordered
SER,20,87.43,0.817213,O97980,ordered
GLU,21,89.79,0.974317,O97980,ordered
LEU,22,86.3,0.998889,O97980,ordered
VAL,23,87.67,0.76125,O97980,ordered
GLU,24,85.19,0.979235,O97980,ordered
VAL,25,82.52,0.734375,O97980,ordered
GLU,26,82.51,0.92623,O97980,ordered
ASP,27,79.7,0.882119,O97980,ordered
ASP,28,76.75,0.742384,O97980,ordered
VAL,29,73.24,0.679375,O97980,ordered
TYR,30,72.7,0.821397,O97980,ordered
LEU,31,69.93,0.755,O97980,intermediate
ARG,32,75.02,0.945228,O97980,ordered
HIS,33,68.23,0.830928,O97980,intermediate
SER,34,70.77,0.921311,O97980,ordered
SER,35,67.36,0.858197,O97980,intermediate
SER,36,66.16,0.751639,O97980,intermediate
LEU,37,66.14,0.798333,O97980,intermediate
THR,38,61.33,0.742466,O97980,intermediate
TYR,39,66.26,0.895633,O97980,intermediate
ARG,40,55.08,0.879253,O97980,intermediate
LEU,41,52.72,1.325556,O97980,intermediate
