aa,pos,plddt,rsa,uniprot_id,location
MET,1,41.63,1.154902,P04553,disordered
ALA,2,48.56,0.939823,P04553,disordered
ARG,3,50.18,0.929046,P04553,intermediate
TYR,4,52.27,0.882096,P04553,intermediate
ARG,5,52.5,0.912863,P04553,intermediate
CYS,6,49.99,0.585,P04553,disordered
CYS,7,51.09,0.700714,P04553,intermediate
ARG,8,49.54,0.83029,P04553,disordered
SER,9,53.42,0.778689,P04553,intermediate
GLN,10,53.5,0.801058,P04553,intermediate
SER,11,57.15,0.77377,P04553,intermediate
ARG,12,53.71,0.649793,P04553,intermediate
SER,13,60.35,0.470492,P04553,intermediate
ARG,14,55.25,0.839419,P04553,intermediate
TYR,15,56.2,0.660699,P04553,intermediate
TYR,16,55.38,0.517467,P04553,intermediate
ARG,17,56.34,0.741494,P04553,intermediate
GLN,18,59.11,0.720106,P04553,intermediate
ARG,19,57.88,0.53112,P04553,intermediate
GLN,20,59.56,0.707407,P04553,intermediate
ARG,21,60.17,0.726141,P04553,intermediate
SER,22,59.61,0.469672,P04553,intermediate
ARG,23,58.22,0.624066,P04553,intermediate
ARG,24,58.92,0.769295,P04553,intermediate
ARG,25,58.33,0.718672,P04553,intermediate
ARG,26,57.66,0.768465,P04553,intermediate
ARG,27,58.36,0.787137,P04553,intermediate
ARG,28,57.25,0.76473,P04553,intermediate
SER,29,58.8,0.60082,P04553,intermediate
CYS,30,56.9,0.385714,P04553,intermediate
GLN,31,58.34,0.548677,P04553,intermediate
THR,32,58.64,0.614384,P04553,intermediate
ARG,33,57.76,0.651867,P04553,intermediate
ARG,34,60.55,0.673444,P04553,intermediate
ARG,35,58.35,0.654772,P04553,intermediate
ALA,36,60.85,0.434513,P04553,intermediate
MET,37,61.23,0.576471,P04553,intermediate
ARG,38,58.55,0.844398,P04553,intermediate
CYS,39,57.3,0.835714,P04553,intermediate
CYS,40,54.55,0.697143,P04553,intermediate
ARG,41,51.54,0.773029,P04553,intermediate
PRO,42,53.41,0.537063,P04553,intermediate
ARG,43,57.98,0.877178,P04553,intermediate
TYR,44,49.5,0.838865,P04553,disordered
ARG,45,52.08,0.685892,P04553,intermediate
PRO,46,50.62,0.775524,P04553,intermediate
ARG,47,52.24,0.726971,P04553,intermediate
CYS,48,49.52,0.838571,P04553,disordered
ARG,49,50.46,0.821992,P04553,intermediate
ARG,50,47.78,0.938174,P04553,disordered
HIS,51,46.51,1.284536,P04553,disordered
