aa,pos,plddt,rsa,uniprot_id,location
MET,1,57.02,0.844608,P04733,intermediate
ASP,2,63.9,0.388742,P04733,intermediate
PRO,3,69.81,0.893706,P04733,intermediate
ASN,4,69.98,0.572785,P04733,intermediate
CYS,5,72.21,0.051429,P04733,ordered
SER,6,74.9,0.827869,P04733,ordered
CYS,7,77.96,0.077857,P04733,ordered
ALA,8,71.02,0.555752,P04733,ordered
ALA,9,64.92,0.771681,P04733,intermediate
GLY,10,60.16,0.948235,P04733,intermediate
VAL,11,60.76,0.87625,P04733,intermediate
SER,12,65.84,0.641803,P04733,intermediate
CYS,13,72.83,0.145,P04733,ordered
THR,14,75.79,0.85137,P04733,ordered
CYS,15,84.21,0.103571,P04733,ordered
ALA,16,79.03,0.680531,P04733,ordered
GLY,17,79.12,0.261176,P04733,ordered
SER,18,80.14,0.804918,P04733,ordered
CYS,19,84.5,0.158571,P04733,ordered
LYS,20,79.88,0.972986,P04733,ordered
CYS,21,81.27,0.043571,P04733,ordered
LYS,22,75.43,0.976303,P04733,ordered
GLU,23,75.21,0.671585,P04733,ordered
CYS,24,79.76,0.191429,P04733,ordered
LYS,25,75.86,0.735071,P04733,ordered
CYS,26,79.69,0.177857,P04733,ordered
THR,27,77.03,0.943151,P04733,ordered
SER,28,78.84,0.462295,P04733,ordered
CYS,29,81.12,0.112857,P04733,ordered
LYS,30,78.82,0.696209,P04733,ordered
LYS,31,78.54,0.381043,P04733,ordered
SER,32,81.07,0.343443,P04733,ordered
CYS,33,84.55,0.565,P04733,ordered
CYS,34,85.48,0.125,P04733,ordered
SER,35,83.35,0.812295,P04733,ordered
CYS,36,89.22,0.101429,P04733,ordered
CYS,37,88.11,0.061429,P04733,ordered
PRO,38,86.26,0.666434,P04733,ordered
VAL,39,81.65,0.50125,P04733,ordered
GLY,40,84.75,0.821176,P04733,ordered
CYS,41,88.6,0.113571,P04733,ordered
SER,42,88.4,0.745902,P04733,ordered
LYS,43,89.42,0.476777,P04733,ordered
CYS,44,89.93,0.112143,P04733,ordered
ALA,45,84.69,0.781416,P04733,ordered
GLN,46,86.0,0.935979,P04733,ordered
GLY,47,85.68,0.410588,P04733,ordered
CYS,48,88.44,0.412143,P04733,ordered
VAL,49,88.99,0.640625,P04733,ordered
CYS,50,88.68,0.162143,P04733,ordered
LYS,51,80.15,0.957346,P04733,ordered
GLY,52,65.69,0.635294,P04733,intermediate
ALA,53,63.44,0.944248,P04733,intermediate
SER,54,75.94,0.568852,P04733,ordered
GLU,55,78.22,0.885246,P04733,ordered
LYS,56,78.92,0.82891,P04733,ordered
CYS,57,87.85,0.125714,P04733,ordered
SER,58,85.73,0.927049,P04733,ordered
CYS,59,87.41,0.372857,P04733,ordered
CYS,60,85.12,0.213571,P04733,ordered
ASP,61,76.53,1.133113,P04733,ordered
