aa,pos,plddt,rsa,uniprot_id,location
MET,1,59.33,0.833333,P04732,intermediate
ASP,2,66.37,0.334437,P04732,intermediate
PRO,3,72.68,0.898601,P04732,ordered
ASN,4,72.7,0.544937,P04732,ordered
CYS,5,76.15,0.057143,P04732,ordered
SER,6,77.7,0.790984,P04732,ordered
CYS,7,81.57,0.071429,P04732,ordered
ALA,8,74.36,0.452212,P04732,ordered
THR,9,67.06,0.757534,P04732,intermediate
GLY,10,63.55,0.811765,P04732,intermediate
GLY,11,63.7,0.790588,P04732,intermediate
SER,12,73.1,0.641803,P04732,ordered
CYS,13,77.26,0.137857,P04732,ordered
THR,14,80.64,0.825342,P04732,ordered
CYS,15,86.79,0.133571,P04732,ordered
ALA,16,82.29,0.683186,P04732,ordered
GLY,17,81.69,0.285882,P04732,ordered
SER,18,82.61,0.785246,P04732,ordered
CYS,19,86.77,0.15,P04732,ordered
LYS,20,82.71,0.967773,P04732,ordered
CYS,21,83.79,0.057143,P04732,ordered
LYS,22,76.82,0.978673,P04732,ordered
GLU,23,77.45,0.657377,P04732,ordered
CYS,24,82.01,0.185,P04732,ordered
LYS,25,77.51,0.687678,P04732,ordered
CYS,26,82.72,0.170714,P04732,ordered
THR,27,79.26,0.863699,P04732,ordered
SER,28,81.76,0.356557,P04732,ordered
CYS,29,83.71,0.113571,P04732,ordered
LYS,30,80.62,0.719431,P04732,ordered
LYS,31,80.22,0.357346,P04732,ordered
SER,32,82.68,0.358197,P04732,ordered
CYS,33,85.56,0.557143,P04732,ordered
CYS,34,86.74,0.134286,P04732,ordered
SER,35,84.31,0.689344,P04732,ordered
CYS,36,89.95,0.085714,P04732,ordered
CYS,37,88.89,0.092857,P04732,ordered
PRO,38,87.26,0.667832,P04732,ordered
VAL,39,83.14,0.54125,P04732,ordered
GLY,40,85.79,0.848235,P04732,ordered
CYS,41,89.44,0.122857,P04732,ordered
ALA,42,89.5,0.70177,P04732,ordered
LYS,43,90.3,0.476777,P04732,ordered
CYS,44,90.78,0.107857,P04732,ordered
ALA,45,85.62,0.773451,P04732,ordered
GLN,46,86.01,0.933333,P04732,ordered
GLY,47,86.24,0.418824,P04732,ordered
CYS,48,89.12,0.408571,P04732,ordered
VAL,49,89.63,0.62125,P04732,ordered
CYS,50,90.08,0.176429,P04732,ordered
LYS,51,79.92,1.007109,P04732,ordered
GLY,52,66.29,0.451765,P04732,intermediate
ALA,53,65.73,0.916814,P04732,intermediate
SER,54,78.34,0.558197,P04732,ordered
GLU,55,79.52,0.860109,P04732,ordered
LYS,56,81.15,0.841232,P04732,ordered
CYS,57,89.05,0.189286,P04732,ordered
SER,58,87.26,0.914754,P04732,ordered
CYS,59,88.39,0.380714,P04732,ordered
CYS,60,86.9,0.203571,P04732,ordered
ALA,61,79.07,1.038053,P04732,ordered
