aa,pos,plddt,rsa,uniprot_id,location
MET,1,57.74,0.820098,P04731,intermediate
ASP,2,63.94,0.417881,P04731,intermediate
PRO,3,69.08,0.914685,P04731,intermediate
ASN,4,68.83,0.617722,P04731,intermediate
CYS,5,70.04,0.045714,P04731,ordered
SER,6,73.48,0.890984,P04731,ordered
CYS,7,77.13,0.065,P04731,ordered
ALA,8,70.69,0.369027,P04731,ordered
THR,9,63.9,0.80411,P04731,intermediate
GLY,10,61.32,0.695294,P04731,intermediate
GLY,11,61.09,0.929412,P04731,intermediate
SER,12,69.98,0.59918,P04731,intermediate
CYS,13,74.35,0.145714,P04731,ordered
THR,14,78.13,0.787671,P04731,ordered
CYS,15,83.5,0.142143,P04731,ordered
THR,16,80.38,0.704795,P04731,ordered
GLY,17,78.74,0.301176,P04731,ordered
SER,18,80.88,0.770492,P04731,ordered
CYS,19,83.32,0.160714,P04731,ordered
LYS,20,80.8,0.969194,P04731,ordered
CYS,21,78.97,0.051429,P04731,ordered
LYS,22,75.11,0.936967,P04731,ordered
GLU,23,75.42,0.674863,P04731,ordered
CYS,24,78.43,0.195714,P04731,ordered
LYS,25,76.44,0.788626,P04731,ordered
CYS,26,78.45,0.182857,P04731,ordered
THR,27,78.54,0.84589,P04731,ordered
SER,28,80.72,0.303279,P04731,ordered
CYS,29,80.62,0.129286,P04731,ordered
LYS,30,77.16,0.62891,P04731,ordered
LYS,31,77.73,0.346445,P04731,ordered
SER,32,80.77,0.353279,P04731,ordered
CYS,33,83.81,0.517143,P04731,ordered
CYS,34,84.22,0.13,P04731,ordered
SER,35,83.68,0.652459,P04731,ordered
CYS,36,88.84,0.089286,P04731,ordered
CYS,37,86.05,0.090714,P04731,ordered
PRO,38,85.16,0.604196,P04731,ordered
MET,39,80.17,0.54951,P04731,ordered
SER,40,83.4,0.82377,P04731,ordered
CYS,41,87.84,0.086429,P04731,ordered
ALA,42,88.43,0.777876,P04731,ordered
LYS,43,89.63,0.489573,P04731,ordered
CYS,44,89.27,0.101429,P04731,ordered
ALA,45,83.83,0.773451,P04731,ordered
GLN,46,82.71,1.022751,P04731,ordered
GLY,47,83.87,0.403529,P04731,ordered
CYS,48,87.69,0.43,P04731,ordered
ILE,49,88.63,0.482418,P04731,ordered
CYS,50,88.65,0.172143,P04731,ordered
LYS,51,80.04,0.993839,P04731,ordered
GLY,52,68.51,0.46,P04731,intermediate
ALA,53,66.93,0.872566,P04731,intermediate
SER,54,77.15,0.568852,P04731,ordered
GLU,55,77.47,0.87377,P04731,ordered
LYS,56,80.91,0.846445,P04731,ordered
CYS,57,87.47,0.2,P04731,ordered
SER,58,86.65,0.928689,P04731,ordered
CYS,59,87.75,0.335,P04731,ordered
CYS,60,85.09,0.204286,P04731,ordered
ALA,61,80.23,1.015929,P04731,ordered
