aa,pos,plddt,rsa,uniprot_id,location
MET,1,55.91,1.191176,P09430,intermediate
SER,2,59.26,0.903279,P09430,intermediate
THR,3,66.14,0.965753,P09430,intermediate
SER,4,65.86,0.743443,P09430,intermediate
ARG,5,69.34,0.944813,P09430,intermediate
LYS,6,65.77,0.933649,P09430,intermediate
LEU,7,68.97,0.917222,P09430,intermediate
LYS,8,63.66,0.848815,P09430,intermediate
SER,9,63.65,0.936066,P09430,intermediate
HIS,10,63.29,0.772165,P09430,intermediate
GLY,11,59.54,0.822353,P09430,intermediate
MET,12,64.92,0.812255,P09430,intermediate
ARG,13,63.56,0.971784,P09430,intermediate
ARG,14,54.17,0.983817,P09430,intermediate
SER,15,59.67,0.763115,P09430,intermediate
LYS,16,61.3,1.032701,P09430,intermediate
SER,17,60.43,0.652459,P09430,intermediate
ARG,18,64.2,0.976349,P09430,intermediate
SER,19,63.16,0.80082,P09430,intermediate
PRO,20,67.88,0.393706,P09430,intermediate
HIS,21,71.63,0.737629,P09430,intermediate
LYS,22,75.97,0.900474,P09430,intermediate
GLY,23,70.77,0.995294,P09430,intermediate
VAL,24,70.42,0.554375,P09430,intermediate
LYS,25,71.34,0.883886,P09430,intermediate
ARG,26,64.96,0.841494,P09430,intermediate
GLY,27,64.94,0.902353,P09430,intermediate
GLY,28,58.09,0.843529,P09430,intermediate
SER,29,61.03,0.84918,P09430,intermediate
LYS,30,60.6,0.842654,P09430,intermediate
ARG,31,59.07,0.884232,P09430,intermediate
LYS,32,50.37,0.716588,P09430,intermediate
TYR,33,58.71,0.875109,P09430,intermediate
ARG,34,62.36,0.714938,P09430,intermediate
LYS,35,61.48,1.00237,P09430,intermediate
GLY,36,63.47,0.387059,P09430,intermediate
ASN,37,61.21,0.773418,P09430,intermediate
LEU,38,62.62,0.702778,P09430,intermediate
LYS,39,61.31,0.766825,P09430,intermediate
SER,40,59.9,0.482787,P09430,intermediate
ARG,41,59.41,0.449378,P09430,intermediate
LYS,42,60.15,0.672038,P09430,intermediate
ARG,43,60.78,0.775519,P09430,intermediate
GLY,44,63.67,0.462353,P09430,intermediate
ASP,45,60.58,0.507947,P09430,intermediate
ASP,46,57.62,0.415232,P09430,intermediate
ALA,47,57.29,0.50708,P09430,intermediate
ASN,48,59.22,0.653165,P09430,intermediate
ARG,49,58.27,0.655187,P09430,intermediate
ASN,50,58.45,0.717722,P09430,intermediate
TYR,51,56.77,0.889956,P09430,intermediate
ARG,52,59.31,0.854357,P09430,intermediate
SER,53,66.65,0.604918,P09430,intermediate
HIS,54,55.06,0.918557,P09430,intermediate
LEU,55,48.04,1.268889,P09430,disordered
