aa,pos,plddt,rsa,uniprot_id,location
MET,1,79.22,1.106373,P0C6T2,ordered
ILE,2,89.66,0.564286,P0C6T2,ordered
THR,3,95.96,0.436986,P0C6T2,ordered
ASP,4,94.91,0.881457,P0C6T2,ordered
VAL,5,96.12,0.62375,P0C6T2,ordered
GLN,6,96.31,0.516931,P0C6T2,ordered
LEU,7,96.21,0.515,P0C6T2,ordered
ALA,8,96.97,0.425664,P0C6T2,ordered
ILE,9,97.05,0.50989,P0C6T2,ordered
PHE,10,96.37,0.475688,P0C6T2,ordered
ALA,11,97.15,0.521239,P0C6T2,ordered
ASN,12,97.26,0.661392,P0C6T2,ordered
MET,13,96.94,0.534804,P0C6T2,ordered
LEU,14,97.47,0.46,P0C6T2,ordered
GLY,15,97.58,0.450588,P0C6T2,ordered
VAL,16,97.58,0.565625,P0C6T2,ordered
SER,17,96.72,0.533607,P0C6T2,ordered
LEU,18,97.11,0.623889,P0C6T2,ordered
PHE,19,96.17,0.656422,P0C6T2,ordered
LEU,20,96.4,0.553889,P0C6T2,ordered
LEU,21,96.66,0.616667,P0C6T2,ordered
VAL,22,96.87,0.579375,P0C6T2,ordered
VAL,23,96.62,0.46875,P0C6T2,ordered
LEU,24,95.73,0.608889,P0C6T2,ordered
TYR,25,94.35,0.613974,P0C6T2,ordered
HIS,26,93.46,0.613402,P0C6T2,ordered
TYR,27,94.39,0.621397,P0C6T2,ordered
VAL,28,93.57,0.5575,P0C6T2,ordered
ALA,29,91.95,0.268142,P0C6T2,ordered
VAL,30,91.16,0.488125,P0C6T2,ordered
ASN,31,89.5,0.575949,P0C6T2,ordered
ASN,32,81.02,0.370886,P0C6T2,ordered
PRO,33,70.17,0.717483,P0C6T2,ordered
LYS,34,67.32,0.854028,P0C6T2,intermediate
LYS,35,59.96,0.609479,P0C6T2,intermediate
GLN,36,58.1,0.72963,P0C6T2,intermediate
GLU,37,49.9,1.271038,P0C6T2,intermediate
