aa,pos,plddt,rsa,uniprot_id,location
MET,1,61.81,1.097549,P0CG35,intermediate
SER,2,60.02,0.981148,P0CG35,intermediate
ASP,3,73.42,0.949669,P0CG35,ordered
LYS,4,74.5,0.864929,P0CG35,ordered
PRO,5,75.9,0.688811,P0CG35,ordered
ASP,6,76.93,0.75894,P0CG35,ordered
LEU,7,80.07,0.627222,P0CG35,ordered
SER,8,80.85,0.281967,P0CG35,ordered
GLU,9,80.39,0.782514,P0CG35,ordered
VAL,10,83.14,0.669375,P0CG35,ordered
GLU,11,80.55,0.856831,P0CG35,ordered
LYS,12,83.7,0.760664,P0CG35,ordered
PHE,13,85.15,0.465596,P0CG35,ordered
ASP,14,81.58,0.433113,P0CG35,ordered
ARG,15,82.11,0.816598,P0CG35,ordered
SER,16,79.84,0.764754,P0CG35,ordered
LYS,17,81.38,0.746445,P0CG35,ordered
LEU,18,81.95,0.528889,P0CG35,ordered
LYS,19,78.67,0.888152,P0CG35,ordered
LYS,20,77.68,0.909953,P0CG35,ordered
THR,21,74.4,0.765753,P0CG35,ordered
ASN,22,67.92,0.881646,P0CG35,intermediate
THR,23,69.83,0.754795,P0CG35,intermediate
GLU,24,69.0,0.686885,P0CG35,intermediate
GLU,25,65.19,0.781421,P0CG35,intermediate
LYS,26,65.28,0.663507,P0CG35,intermediate
ASN,27,62.23,0.775949,P0CG35,intermediate
THR,28,60.72,0.702055,P0CG35,intermediate
LEU,29,69.6,0.844444,P0CG35,intermediate
PRO,30,66.97,0.515385,P0CG35,intermediate
SER,31,69.18,0.45,P0CG35,intermediate
LYS,32,69.26,0.845498,P0CG35,intermediate
GLU,33,73.99,0.810929,P0CG35,ordered
THR,34,74.51,0.39863,P0CG35,ordered
ILE,35,76.83,0.385165,P0CG35,ordered
GLN,36,75.48,0.475661,P0CG35,ordered
GLN,37,77.99,0.710053,P0CG35,ordered
GLU,38,79.37,0.618033,P0CG35,ordered
LYS,39,74.77,0.572038,P0CG35,ordered
GLU,40,71.63,0.575956,P0CG35,ordered
CYS,41,66.89,0.613571,P0CG35,intermediate
VAL,42,63.65,0.69375,P0CG35,intermediate
GLN,43,60.3,0.856085,P0CG35,intermediate
THR,44,57.58,0.822603,P0CG35,intermediate
SER,45,50.79,1.239344,P0CG35,intermediate
