aa,pos,plddt,rsa,uniprot_id,location
MET,1,62.82,0.970098,P0DI80,intermediate
ASP,2,72.22,0.839735,P0DI80,ordered
GLN,3,71.59,0.850794,P0DI80,ordered
LEU,4,73.53,0.73,P0DI80,ordered
VAL,5,73.25,0.57875,P0DI80,ordered
PHE,6,76.04,0.621101,P0DI80,ordered
LYS,7,73.58,0.692891,P0DI80,ordered
GLU,8,77.14,0.727322,P0DI80,ordered
THR,9,78.56,0.544521,P0DI80,ordered
ILE,10,79.82,0.516484,P0DI80,ordered
TRP,11,78.08,0.679923,P0DI80,ordered
ASN,12,82.88,0.458228,P0DI80,ordered
ASP,13,83.19,0.634437,P0DI80,ordered
ALA,14,82.95,0.546903,P0DI80,ordered
PHE,15,82.91,0.276147,P0DI80,ordered
TRP,16,83.6,0.501931,P0DI80,ordered
GLN,17,86.65,0.795238,P0DI80,ordered
ASN,18,87.83,0.301899,P0DI80,ordered
PRO,19,87.85,0.676224,P0DI80,ordered
TRP,20,90.76,0.828185,P0DI80,ordered
ASP,21,90.93,0.406623,P0DI80,ordered
GLN,22,88.69,0.499471,P0DI80,ordered
GLY,23,92.68,0.384706,P0DI80,ordered
GLY,24,93.49,0.369412,P0DI80,ordered
LEU,25,94.69,0.325556,P0DI80,ordered
ALA,26,94.61,0.50177,P0DI80,ordered
VAL,27,96.86,0.610625,P0DI80,ordered
ILE,28,96.67,0.543956,P0DI80,ordered
ILE,29,97.08,0.515385,P0DI80,ordered
LEU,30,97.64,0.680556,P0DI80,ordered
PHE,31,97.75,0.646789,P0DI80,ordered
ILE,32,97.71,0.490659,P0DI80,ordered
THR,33,98.01,0.44726,P0DI80,ordered
ALA,34,97.69,0.40531,P0DI80,ordered
VAL,35,97.73,0.371875,P0DI80,ordered
LEU,36,97.51,0.592222,P0DI80,ordered
LEU,37,96.79,0.611667,P0DI80,ordered
LEU,38,96.1,0.666111,P0DI80,ordered
ILE,39,95.58,0.483516,P0DI80,ordered
LEU,40,95.37,0.581111,P0DI80,ordered
PHE,41,94.19,0.51789,P0DI80,ordered
ALA,42,92.01,0.552212,P0DI80,ordered
ILE,43,92.59,0.503297,P0DI80,ordered
VAL,44,91.38,0.38875,P0DI80,ordered
PHE,45,87.79,0.496789,P0DI80,ordered
GLY,46,85.61,0.436471,P0DI80,ordered
LEU,47,74.67,0.596667,P0DI80,ordered
LEU,48,66.99,0.531667,P0DI80,intermediate
THR,49,66.8,0.508904,P0DI80,intermediate
SER,50,65.63,0.50082,P0DI80,intermediate
THR,51,61.83,0.586986,P0DI80,intermediate
GLU,52,60.33,0.705464,P0DI80,intermediate
ASN,53,58.62,0.599367,P0DI80,intermediate
THR,54,57.55,0.634247,P0DI80,intermediate
GLN,55,57.71,0.778307,P0DI80,intermediate
CYS,56,55.95,0.700714,P0DI80,intermediate
GLU,57,55.45,0.763388,P0DI80,intermediate
ALA,58,56.95,0.687611,P0DI80,intermediate
GLY,59,52.63,0.711765,P0DI80,intermediate
GLU,60,52.55,0.901639,P0DI80,intermediate
GLU,61,53.12,0.950273,P0DI80,intermediate
GLU,62,41.11,1.291257,P0DI80,intermediate
