aa,pos,plddt,rsa,uniprot_id,location
MET,1,58.04,0.873039,P0DM35,intermediate
ASP,2,63.13,0.296689,P0DM35,intermediate
PRO,3,71.24,0.898601,P0DM35,ordered
ASN,4,70.28,0.549367,P0DM35,ordered
CYS,5,72.62,0.047857,P0DM35,ordered
SER,6,74.49,0.795082,P0DM35,ordered
CYS,7,76.64,0.215714,P0DM35,ordered
ALA,8,70.04,0.390265,P0DM35,ordered
ALA,9,62.06,0.90531,P0DM35,intermediate
GLY,10,55.15,1.056471,P0DM35,intermediate
GLY,11,50.64,0.683529,P0DM35,intermediate
SER,12,52.51,0.693443,P0DM35,intermediate
TYR,13,55.07,0.951965,P0DM35,intermediate
ALA,14,65.19,0.522124,P0DM35,intermediate
CYS,15,81.16,0.137857,P0DM35,ordered
ALA,16,77.92,0.69823,P0DM35,ordered
GLY,17,78.18,0.285882,P0DM35,ordered
SER,18,78.28,0.815574,P0DM35,ordered
CYS,19,82.51,0.137857,P0DM35,ordered
LYS,20,78.99,0.960664,P0DM35,ordered
CYS,21,80.16,0.090714,P0DM35,ordered
LYS,22,74.54,0.976303,P0DM35,ordered
LYS,23,75.32,0.726066,P0DM35,ordered
CYS,24,79.71,0.221429,P0DM35,ordered
LYS,25,75.75,0.723697,P0DM35,ordered
CYS,26,79.19,0.266429,P0DM35,ordered
THR,27,76.88,0.989041,P0DM35,ordered
SER,28,78.02,0.338525,P0DM35,ordered
CYS,29,79.54,0.137143,P0DM35,ordered
LYS,30,76.35,0.73128,P0DM35,ordered
LYS,31,75.45,0.375355,P0DM35,ordered
SER,32,75.97,0.329508,P0DM35,ordered
CYS,33,78.97,0.559286,P0DM35,ordered
CYS,34,78.54,0.065,P0DM35,ordered
SER,35,77.59,0.945902,P0DM35,ordered
CYS,36,82.06,0.19,P0DM35,ordered
CYS,37,80.52,0.085714,P0DM35,ordered
PRO,38,80.36,0.617483,P0DM35,ordered
LEU,39,78.21,0.638333,P0DM35,ordered
GLY,40,79.28,0.902353,P0DM35,ordered
CYS,41,83.44,0.165,P0DM35,ordered
ALA,42,83.18,0.689381,P0DM35,ordered
LYS,43,83.49,0.590047,P0DM35,ordered
CYS,44,85.02,0.127857,P0DM35,ordered
ALA,45,78.65,0.809735,P0DM35,ordered
GLN,46,80.49,0.942328,P0DM35,ordered
GLY,47,75.27,0.410588,P0DM35,ordered
CYS,48,81.46,0.34,P0DM35,ordered
ILE,49,77.37,0.587912,P0DM35,ordered
ARG,50,73.52,0.404564,P0DM35,ordered
LYS,51,64.46,0.832227,P0DM35,intermediate
GLY,52,67.13,0.664706,P0DM35,intermediate
ALA,53,63.72,0.946018,P0DM35,intermediate
SER,54,65.9,0.45082,P0DM35,intermediate
GLU,55,67.91,0.898907,P0DM35,intermediate
LYS,56,70.03,0.792417,P0DM35,ordered
CYS,57,77.23,0.025,P0DM35,ordered
SER,58,77.71,0.660656,P0DM35,ordered
CYS,59,78.13,0.089286,P0DM35,ordered
CYS,60,73.71,0.373571,P0DM35,ordered
ALA,61,68.15,1.107965,P0DM35,intermediate
