aa,pos,plddt,rsa,uniprot_id,location
MET,1,56.11,0.884804,P13640,intermediate
ASP,2,60.77,0.239735,P13640,intermediate
PRO,3,69.88,0.876224,P13640,intermediate
ASN,4,68.4,0.487975,P13640,intermediate
CYS,5,71.06,0.002857,P13640,ordered
SER,6,73.16,0.82541,P13640,ordered
CYS,7,76.4,0.084286,P13640,ordered
ALA,8,64.41,0.793805,P13640,intermediate
ALA,9,60.06,0.29823,P13640,intermediate
ALA,10,56.44,0.620354,P13640,intermediate
GLY,11,56.26,0.309412,P13640,intermediate
VAL,12,59.98,0.8625,P13640,intermediate
SER,13,70.47,0.663115,P13640,ordered
CYS,14,73.95,0.155714,P13640,ordered
THR,15,75.85,0.881507,P13640,ordered
CYS,16,83.59,0.116429,P13640,ordered
ALA,17,78.26,0.413274,P13640,ordered
SER,18,77.12,0.658197,P13640,ordered
SER,19,78.9,0.836066,P13640,ordered
CYS,20,83.86,0.135714,P13640,ordered
LYS,21,79.41,0.954502,P13640,ordered
CYS,22,80.61,0.074286,P13640,ordered
LYS,23,74.39,0.974882,P13640,ordered
GLU,24,75.27,0.621311,P13640,ordered
CYS,25,79.86,0.179286,P13640,ordered
LYS,26,75.55,0.571564,P13640,ordered
CYS,27,80.46,0.051429,P13640,ordered
THR,28,76.91,0.747945,P13640,ordered
SER,29,78.61,0.385246,P13640,ordered
CYS,30,81.71,0.114286,P13640,ordered
LYS,31,77.55,0.710427,P13640,ordered
LYS,32,77.69,0.345024,P13640,ordered
SER,33,79.88,0.358197,P13640,ordered
CYS,34,83.62,0.543571,P13640,ordered
CYS,35,84.57,0.141429,P13640,ordered
SER,36,82.73,0.697541,P13640,ordered
CYS,37,88.16,0.088571,P13640,ordered
CYS,38,87.2,0.083571,P13640,ordered
PRO,39,85.65,0.665035,P13640,ordered
VAL,40,81.01,0.548125,P13640,ordered
GLY,41,83.7,0.856471,P13640,ordered
CYS,42,87.67,0.115714,P13640,ordered
ALA,43,87.95,0.744248,P13640,ordered
LYS,44,88.46,0.479147,P13640,ordered
CYS,45,88.84,0.095,P13640,ordered
ALA,46,83.47,0.769912,P13640,ordered
GLN,47,83.27,0.966667,P13640,ordered
GLY,48,83.55,0.396471,P13640,ordered
CYS,49,87.7,0.412857,P13640,ordered
ILE,50,87.63,0.544505,P13640,ordered
CYS,51,88.45,0.168571,P13640,ordered
LYS,52,78.17,1.004265,P13640,ordered
GLY,53,67.98,0.505882,P13640,intermediate
ALA,54,66.72,0.89292,P13640,intermediate
SER,55,76.25,0.539344,P13640,ordered
GLU,56,76.16,0.876503,P13640,ordered
LYS,57,77.46,0.836019,P13640,ordered
CYS,58,86.63,0.173571,P13640,ordered
SER,59,85.43,0.914754,P13640,ordered
CYS,60,86.53,0.327143,P13640,ordered
CYS,61,84.57,0.196429,P13640,ordered
ALA,62,76.69,1.035398,P13640,ordered
