aa,pos,plddt,rsa,uniprot_id,location
MET,1,69.1,0.960784,P15516,intermediate
LYS,2,76.72,0.805213,P15516,ordered
PHE,3,83.05,0.826147,P15516,ordered
PHE,4,87.29,0.724312,P15516,ordered
VAL,5,88.44,0.536875,P15516,ordered
PHE,6,90.23,0.633486,P15516,intermediate
ALA,7,91.68,0.49823,P15516,intermediate
LEU,8,91.34,0.619444,P15516,intermediate
ILE,9,90.5,0.476374,P15516,intermediate
LEU,10,92.01,0.612778,P15516,intermediate
ALA,11,91.06,0.442478,P15516,intermediate
LEU,12,89.47,0.544444,P15516,intermediate
MET,13,88.7,0.534314,P15516,intermediate
LEU,14,84.92,0.696111,P15516,intermediate
SER,15,82.28,0.647541,P15516,intermediate
MET,16,80.88,0.523529,P15516,intermediate
THR,17,72.32,0.667808,P15516,intermediate
GLY,18,63.94,0.491765,P15516,intermediate
ALA,19,59.86,0.610619,P15516,intermediate
ASP,20,58.69,0.671523,P15516,intermediate
SER,21,56.45,0.402459,P15516,intermediate
HIS,22,57.34,0.827835,P15516,intermediate
ALA,23,54.72,0.762832,P15516,intermediate
LYS,24,55.27,0.808057,P15516,intermediate
ARG,25,53.8,0.824896,P15516,intermediate
HIS,26,56.6,0.859794,P15516,intermediate
HIS,27,54.02,0.98866,P15516,intermediate
GLY,28,54.8,0.832941,P15516,intermediate
TYR,29,55.79,0.983406,P15516,intermediate
LYS,30,57.2,0.891943,P15516,intermediate
ARG,31,55.38,0.927386,P15516,intermediate
LYS,32,60.0,0.876777,P15516,intermediate
PHE,33,61.63,0.845872,P15516,intermediate
HIS,34,62.05,0.816495,P15516,intermediate
GLU,35,54.83,0.940984,P15516,intermediate
LYS,36,63.17,0.82654,P15516,intermediate
HIS,37,62.0,0.803608,P15516,intermediate
HIS,38,58.07,0.906186,P15516,intermediate
SER,39,58.85,0.846721,P15516,intermediate
HIS,40,60.24,0.830928,P15516,intermediate
ARG,41,54.63,0.99834,P15516,intermediate
GLY,42,57.22,0.730588,P15516,intermediate
TYR,43,54.77,0.8869,P15516,intermediate
ARG,44,53.6,0.853527,P15516,intermediate
SER,45,56.7,0.741803,P15516,intermediate
ASN,46,59.47,0.762658,P15516,intermediate
TYR,47,54.3,0.750218,P15516,intermediate
LEU,48,51.05,0.883333,P15516,intermediate
TYR,49,54.91,0.972052,P15516,intermediate
ASP,50,53.52,0.94106,P15516,intermediate
ASN,51,47.76,1.293671,P15516,disordered
