aa,pos,plddt,rsa,uniprot_id,location
MET,1,65.81,1.05098,P15515,intermediate
LYS,2,74.38,0.870142,P15515,ordered
PHE,3,80.05,0.823853,P15515,ordered
PHE,4,85.31,0.782569,P15515,ordered
VAL,5,86.4,0.599375,P15515,ordered
PHE,6,88.89,0.630734,P15515,intermediate
ALA,7,91.08,0.499115,P15515,intermediate
LEU,8,90.1,0.593889,P15515,intermediate
VAL,9,89.73,0.481875,P15515,intermediate
LEU,10,91.85,0.430556,P15515,intermediate
ALA,11,91.49,0.512389,P15515,intermediate
LEU,12,90.49,0.57,P15515,intermediate
MET,13,89.65,0.540686,P15515,intermediate
ILE,14,86.82,0.563187,P15515,intermediate
SER,15,84.79,0.596721,P15515,intermediate
MET,16,83.61,0.669608,P15515,intermediate
ILE,17,79.7,0.607692,P15515,intermediate
SER,18,67.54,0.613934,P15515,intermediate
ALA,19,67.34,0.589381,P15515,intermediate
ASP,20,62.45,0.52649,P15515,intermediate
SER,21,57.43,0.360656,P15515,intermediate
HIS,22,58.29,0.703093,P15515,intermediate
GLU,23,56.11,0.880874,P15515,intermediate
LYS,24,56.11,0.701422,P15515,intermediate
ARG,25,56.62,0.758506,P15515,intermediate
HIS,26,57.44,0.761856,P15515,intermediate
HIS,27,55.06,1.001546,P15515,intermediate
GLY,28,56.01,0.837647,P15515,intermediate
TYR,29,56.67,0.947162,P15515,intermediate
ARG,30,53.96,0.9361,P15515,intermediate
ARG,31,52.83,1.012033,P15515,intermediate
LYS,32,56.7,0.809479,P15515,intermediate
PHE,33,59.22,0.825229,P15515,intermediate
HIS,34,56.2,0.962371,P15515,intermediate
GLU,35,52.94,0.823497,P15515,intermediate
LYS,36,58.17,0.790995,P15515,intermediate
HIS,37,57.0,0.823196,P15515,intermediate
HIS,38,52.08,0.900515,P15515,intermediate
SER,39,55.01,0.9,P15515,intermediate
HIS,40,57.38,0.675258,P15515,intermediate
ARG,41,54.17,0.940664,P15515,intermediate
GLU,42,55.02,0.777596,P15515,intermediate
PHE,43,56.97,0.860092,P15515,intermediate
PRO,44,53.82,0.91049,P15515,intermediate
PHE,45,49.69,0.708716,P15515,disordered
TYR,46,46.94,0.842795,P15515,disordered
GLY,47,47.81,0.836471,P15515,disordered
ASP,48,43.18,0.882119,P15515,disordered
TYR,49,45.72,1.010917,P15515,disordered
GLY,50,48.25,0.978824,P15515,disordered
SER,51,44.56,0.790164,P15515,disordered
ASN,52,50.28,0.852532,P15515,intermediate
TYR,53,47.64,0.843231,P15515,disordered
LEU,54,50.9,0.859444,P15515,intermediate
TYR,55,43.94,0.854585,P15515,disordered
ASP,56,47.04,0.896689,P15515,disordered
ASN,57,47.26,1.383544,P15515,disordered
