aa,pos,plddt,rsa,uniprot_id,location
MET,1,68.27,0.951471,P15954,intermediate
LEU,2,80.81,0.754444,P15954,ordered
GLY,3,80.89,0.623529,P15954,ordered
GLN,4,82.25,0.617989,P15954,ordered
SER,5,82.33,0.586885,P15954,ordered
ILE,6,86.08,0.526374,P15954,ordered
ARG,7,84.29,0.739004,P15954,ordered
ARG,8,83.42,0.73029,P15954,ordered
PHE,9,85.32,0.637615,P15954,ordered
THR,10,82.47,0.502055,P15954,ordered
THR,11,82.22,0.572603,P15954,ordered
SER,12,78.2,0.462295,P15954,ordered
VAL,13,77.64,0.43875,P15954,ordered
VAL,14,78.39,0.48625,P15954,ordered
ARG,15,77.47,0.705809,P15954,ordered
ARG,16,74.14,0.717427,P15954,ordered
SER,17,75.34,0.731967,P15954,ordered
HIS,18,83.19,0.760825,P15954,ordered
TYR,19,83.11,0.669432,P15954,ordered
GLU,20,84.79,0.657923,P15954,ordered
GLU,21,85.91,0.765027,P15954,ordered
GLY,22,88.92,0.448235,P15954,ordered
PRO,23,92.86,0.972727,P15954,ordered
GLY,24,93.28,0.217647,P15954,ordered
LYS,25,93.35,0.395261,P15954,ordered
ASN,26,91.95,0.783544,P15954,ordered
LEU,27,94.69,0.417778,P15954,ordered
PRO,28,94.66,0.913287,P15954,ordered
PHE,29,96.07,0.327982,P15954,ordered
SER,30,95.27,0.427049,P15954,ordered
VAL,31,96.72,0.32625,P15954,ordered
GLU,32,96.01,0.787978,P15954,ordered
ASN,33,97.24,0.5,P15954,ordered
LYS,34,97.31,0.703791,P15954,ordered
TRP,35,98.5,0.6861,P15954,ordered
SER,36,97.89,0.381967,P15954,ordered
LEU,37,98.3,0.242222,P15954,ordered
LEU,38,98.51,0.492778,P15954,ordered
ALA,39,98.57,0.441593,P15954,ordered
LYS,40,98.21,0.366351,P15954,ordered
MET,41,98.27,0.277941,P15954,ordered
CYS,42,98.44,0.565,P15954,ordered
LEU,43,98.41,0.708333,P15954,ordered
TYR,44,98.05,0.662009,P15954,ordered
PHE,45,98.51,0.577982,P15954,ordered
GLY,46,98.58,0.389412,P15954,ordered
SER,47,98.38,0.516393,P15954,ordered
ALA,48,98.2,0.579646,P15954,ordered
PHE,49,98.36,0.66422,P15954,ordered
ALA,50,98.57,0.323009,P15954,ordered
THR,51,98.43,0.489726,P15954,ordered
PRO,52,98.52,0.528671,P15954,ordered
PHE,53,98.38,0.599083,P15954,ordered
LEU,54,98.11,0.626667,P15954,ordered
VAL,55,98.2,0.475625,P15954,ordered
VAL,56,98.25,0.531875,P15954,ordered
ARG,57,97.78,0.620747,P15954,ordered
HIS,58,97.57,0.531959,P15954,ordered
GLN,59,98.14,0.545503,P15954,ordered
LEU,60,97.45,0.723333,P15954,ordered
LEU,61,97.16,0.620556,P15954,ordered
LYS,62,93.6,0.611374,P15954,ordered
THR,63,71.92,1.219863,P15954,ordered
