aa,pos,plddt,rsa,uniprot_id,location
MET,1,62.8,1.057353,P26678,intermediate
GLU,2,70.75,0.827869,P26678,ordered
LYS,3,71.53,0.81327,P26678,ordered
VAL,4,74.21,0.61,P26678,ordered
GLN,5,75.46,0.648677,P26678,ordered
TYR,6,78.98,0.699127,P26678,ordered
LEU,7,78.54,0.648889,P26678,ordered
THR,8,79.07,0.487671,P26678,ordered
ARG,9,78.76,0.765145,P26678,ordered
SER,10,77.99,0.272131,P26678,ordered
ALA,11,74.62,0.50885,P26678,ordered
ILE,12,73.26,0.587912,P26678,ordered
ARG,13,71.1,0.737344,P26678,ordered
ARG,14,66.48,0.791286,P26678,intermediate
ALA,15,66.07,0.562832,P26678,intermediate
SER,16,64.03,0.642623,P26678,intermediate
THR,17,59.05,0.730137,P26678,intermediate
ILE,18,58.09,0.598352,P26678,intermediate
GLU,19,54.71,0.859563,P26678,intermediate
MET,20,56.33,0.693627,P26678,intermediate
PRO,21,60.18,0.496503,P26678,intermediate
GLN,22,63.08,0.951852,P26678,intermediate
GLN,23,65.05,0.612169,P26678,intermediate
ALA,24,69.33,0.147788,P26678,intermediate
ARG,25,74.04,0.804149,P26678,ordered
GLN,26,80.79,0.604762,P26678,ordered
LYS,27,83.06,0.687678,P26678,ordered
LEU,28,84.83,0.49,P26678,ordered
GLN,29,85.67,0.584656,P26678,ordered
ASN,30,89.48,0.557595,P26678,ordered
LEU,31,91.24,0.627778,P26678,ordered
PHE,32,92.47,0.632569,P26678,ordered
ILE,33,94.21,0.475824,P26678,ordered
ASN,34,94.33,0.555696,P26678,ordered
PHE,35,95.15,0.538991,P26678,ordered
CYS,36,96.48,0.437143,P26678,ordered
LEU,37,96.25,0.518889,P26678,ordered
ILE,38,96.58,0.551648,P26678,ordered
LEU,39,96.65,0.477778,P26678,ordered
ILE,40,97.02,0.523626,P26678,ordered
CYS,41,96.93,0.515,P26678,ordered
LEU,42,96.46,0.522778,P26678,ordered
LEU,43,96.26,0.601667,P26678,ordered
LEU,44,96.25,0.523889,P26678,ordered
ILE,45,96.87,0.538462,P26678,ordered
CYS,46,96.26,0.548571,P26678,ordered
ILE,47,96.74,0.522527,P26678,ordered
ILE,48,96.22,0.61978,P26678,ordered
VAL,49,96.21,0.61875,P26678,ordered
MET,50,93.92,0.826471,P26678,ordered
LEU,51,92.28,0.870556,P26678,ordered
LEU,52,87.07,1.100556,P26678,ordered
