aa,pos,plddt,rsa,uniprot_id,location
MET,1,49.32,1.036765,P47944,disordered
ASP,2,48.91,0.796689,P47944,disordered
PRO,3,56.39,0.76993,P47944,intermediate
ARG,4,55.89,0.733195,P47944,intermediate
GLU,5,57.09,0.643716,P47944,intermediate
CYS,6,63.73,0.172143,P47944,intermediate
VAL,7,65.29,0.76875,P47944,intermediate
CYS,8,65.69,0.198571,P47944,intermediate
MET,9,59.3,0.791667,P47944,intermediate
SER,10,59.43,0.889344,P47944,intermediate
GLY,11,54.75,0.524706,P47944,intermediate
GLY,12,62.65,0.257647,P47944,intermediate
ILE,13,59.04,0.708242,P47944,intermediate
CYS,14,68.16,0.105,P47944,intermediate
MET,15,68.24,0.930882,P47944,intermediate
CYS,16,69.81,0.256429,P47944,intermediate
GLY,17,66.05,0.457647,P47944,intermediate
ASP,18,65.39,0.890066,P47944,intermediate
ASN,19,63.8,0.824051,P47944,intermediate
CYS,20,68.98,0.059286,P47944,intermediate
LYS,21,65.98,0.855924,P47944,intermediate
CYS,22,69.97,0.202143,P47944,intermediate
THR,23,62.78,0.765068,P47944,intermediate
THR,24,61.77,0.497945,P47944,intermediate
CYS,25,67.54,0.213571,P47944,intermediate
ASN,26,64.07,0.694937,P47944,intermediate
CYS,27,65.27,0.063571,P47944,intermediate
LYS,28,56.03,0.823223,P47944,intermediate
THR,29,55.96,0.373288,P47944,intermediate
TYR,30,58.94,0.158515,P47944,intermediate
TRP,31,60.8,0.670656,P47944,intermediate
LYS,32,60.55,0.535071,P47944,intermediate
SER,33,66.92,0.291803,P47944,intermediate
CYS,34,76.64,0.527143,P47944,ordered
CYS,35,78.12,0.055,P47944,ordered
PRO,36,77.67,0.606294,P47944,ordered
CYS,37,85.16,0.106429,P47944,ordered
CYS,38,82.1,0.074286,P47944,ordered
PRO,39,78.29,0.627273,P47944,ordered
PRO,40,73.17,0.53007,P47944,ordered
GLY,41,76.02,0.902353,P47944,ordered
CYS,42,83.26,0.124286,P47944,ordered
ALA,43,82.95,0.735398,P47944,ordered
LYS,44,85.08,0.490995,P47944,ordered
CYS,45,85.0,0.095714,P47944,ordered
ALA,46,77.25,0.768142,P47944,ordered
ARG,47,77.33,0.96722,P47944,ordered
GLY,48,75.61,0.421176,P47944,ordered
CYS,49,83.76,0.416429,P47944,ordered
ILE,50,85.09,0.534066,P47944,ordered
CYS,51,84.95,0.16,P47944,ordered
LYS,52,73.2,0.988152,P47944,ordered
GLY,53,61.98,0.570588,P47944,intermediate
GLY,54,63.04,0.894118,P47944,intermediate
SER,55,71.47,0.540164,P47944,ordered
ASP,56,75.43,0.835762,P47944,ordered
LYS,57,75.32,0.837915,P47944,ordered
CYS,58,84.84,0.21,P47944,ordered
SER,59,83.89,1.055738,P47944,ordered
CYS,60,86.24,0.282143,P47944,ordered
CYS,61,81.28,0.108571,P47944,ordered
PRO,62,71.28,1.186713,P47944,ordered
