aa,pos,plddt,rsa,uniprot_id,location
MET,1,61.38,1.216176,P48539,intermediate
SER,2,76.28,0.982787,P48539,intermediate
GLU,3,68.66,0.93224,P48539,intermediate
ARG,4,67.1,0.988797,P48539,intermediate
GLN,5,66.25,0.951852,P48539,intermediate
GLY,6,56.08,0.937647,P48539,intermediate
ALA,7,66.81,0.868142,P48539,intermediate
GLY,8,50.42,1.014118,P48539,intermediate
ALA,9,53.91,0.744248,P48539,intermediate
THR,10,53.82,0.841096,P48539,intermediate
ASN,11,58.04,1.074051,P48539,intermediate
GLY,12,55.87,0.924706,P48539,intermediate
LYS,13,58.11,0.716588,P48539,intermediate
ASP,14,55.44,1.007285,P48539,intermediate
LYS,15,54.61,0.781991,P48539,intermediate
THR,16,48.91,0.883562,P48539,intermediate
SER,17,53.44,0.72541,P48539,intermediate
GLY,18,50.24,0.934118,P48539,intermediate
GLU,19,51.43,0.821311,P48539,intermediate
ASN,20,55.85,0.910127,P48539,intermediate
ASP,21,56.0,0.950331,P48539,intermediate
GLY,22,54.67,0.890588,P48539,intermediate
GLN,23,55.28,0.84709,P48539,intermediate
LYS,24,58.08,0.854976,P48539,intermediate
LYS,25,62.78,0.972038,P48539,intermediate
VAL,26,67.3,0.61375,P48539,intermediate
GLN,27,69.23,0.924868,P48539,intermediate
GLU,28,76.46,0.847541,P48539,ordered
GLU,29,81.42,0.940437,P48539,ordered
PHE,30,81.38,0.843578,P48539,ordered
ASP,31,85.21,0.980795,P48539,ordered
ILE,32,87.54,0.484066,P48539,ordered
ASP,33,91.92,0.758278,P48539,ordered
MET,34,91.83,0.687255,P48539,ordered
ASP,35,94.19,1.019205,P48539,ordered
ALA,36,93.68,0.250442,P48539,ordered
PRO,37,95.38,0.67972,P48539,ordered
GLU,38,94.41,0.809836,P48539,ordered
THR,39,94.88,0.229452,P48539,ordered
GLU,40,95.47,0.655191,P48539,ordered
ARG,41,96.25,0.751867,P48539,ordered
ALA,42,95.5,0.417699,P48539,ordered
ALA,43,95.39,0.39292,P48539,ordered
VAL,44,97.6,0.493125,P48539,ordered
ALA,45,97.36,0.423009,P48539,ordered
ILE,46,97.23,0.663187,P48539,ordered
GLN,47,96.58,0.675661,P48539,ordered
SER,48,98.0,0.282787,P48539,ordered
GLN,49,97.72,0.573016,P48539,ordered
PHE,50,97.29,0.587615,P48539,ordered
ARG,51,96.54,0.494191,P48539,ordered
LYS,52,96.87,0.451659,P48539,ordered
PHE,53,96.16,0.552294,P48539,ordered
GLN,54,94.55,0.432275,P48539,ordered
LYS,55,94.17,0.62891,P48539,ordered
LYS,56,93.51,0.700474,P48539,ordered
LYS,57,93.37,0.590047,P48539,ordered
ALA,58,91.04,0.60177,P48539,ordered
GLY,59,82.87,0.618824,P48539,ordered
SER,60,74.23,0.863115,P48539,ordered
GLN,61,66.82,0.855556,P48539,intermediate
SER,62,53.75,1.193443,P48539,intermediate
