aa,pos,plddt,rsa,uniprot_id,location
MET,1,53.73,1.121078,P53803,intermediate
ASP,2,55.19,1.025166,P53803,intermediate
THR,3,68.76,0.855479,P53803,intermediate
GLN,4,66.28,0.896296,P53803,intermediate
LYS,5,63.2,0.891469,P53803,intermediate
ASP,6,62.07,0.960265,P53803,intermediate
VAL,7,66.33,0.839375,P53803,intermediate
GLN,8,64.86,0.744444,P53803,intermediate
PRO,9,64.76,0.7,P53803,intermediate
PRO,10,67.53,0.804196,P53803,intermediate
LYS,11,64.82,0.79763,P53803,intermediate
GLN,12,67.31,0.739683,P53803,intermediate
GLN,13,74.7,0.772487,P53803,ordered
PRO,14,78.74,0.505594,P53803,ordered
MET,15,85.88,0.47402,P53803,ordered
ILE,16,91.6,0.386813,P53803,ordered
TYR,17,93.8,0.273362,P53803,ordered
ILE,18,94.74,0.242857,P53803,ordered
CYS,19,95.93,0.001429,P53803,ordered
GLY,20,94.04,0.263529,P53803,ordered
GLU,21,95.58,0.65847,P53803,ordered
CYS,22,95.65,0.357857,P53803,ordered
HIS,23,93.82,0.673711,P53803,ordered
THR,24,94.13,0.25274,P53803,ordered
GLU,25,93.06,0.522404,P53803,ordered
ASN,26,91.84,0.049367,P53803,ordered
GLU,27,91.31,0.606557,P53803,ordered
ILE,28,89.12,0.114286,P53803,ordered
LYS,29,86.92,0.622275,P53803,ordered
SER,30,84.6,0.705738,P53803,ordered
ARG,31,85.36,0.946473,P53803,ordered
ASP,32,86.92,0.409272,P53803,ordered
PRO,33,90.76,0.735664,P53803,ordered
ILE,34,91.34,0.593407,P53803,ordered
ARG,35,92.66,0.553942,P53803,ordered
CYS,36,93.49,0.017857,P53803,ordered
ARG,37,91.05,0.782573,P53803,ordered
GLU,38,92.53,0.718033,P53803,ordered
CYS,39,94.12,0.472857,P53803,ordered
GLY,40,92.8,0.349412,P53803,ordered
TYR,41,94.39,0.374236,P53803,ordered
ARG,42,93.8,0.652697,P53803,ordered
ILE,43,94.46,0.487912,P53803,ordered
MET,44,93.57,0.148529,P53803,ordered
TYR,45,95.16,0.606114,P53803,ordered
LYS,46,92.63,0.709479,P53803,ordered
LYS,47,92.04,0.365403,P53803,ordered
ARG,48,92.28,0.80332,P53803,ordered
THR,49,91.98,0.567808,P53803,ordered
LYS,50,91.11,0.964929,P53803,ordered
ARG,51,92.37,0.809959,P53803,ordered
LEU,52,93.24,0.957222,P53803,ordered
VAL,53,93.44,0.49625,P53803,ordered
VAL,54,94.06,0.84875,P53803,ordered
PHE,55,93.26,0.770183,P53803,ordered
ASP,56,95.03,0.682781,P53803,ordered
ALA,57,93.06,0.969027,P53803,ordered
ARG,58,91.1,1.083817,P53803,ordered
