aa,pos,plddt,rsa,uniprot_id,location
MET,1,70.14,1.168627,P56381,ordered
VAL,2,78.05,0.549375,P56381,ordered
ALA,3,86.87,0.414159,P56381,ordered
TYR,4,92.21,0.810044,P56381,ordered
TRP,5,90.94,0.241313,P56381,ordered
ARG,6,92.07,0.597925,P56381,ordered
GLN,7,91.93,0.665079,P56381,ordered
ALA,8,92.24,0.657522,P56381,ordered
GLY,9,92.68,0.7,P56381,ordered
LEU,10,93.29,0.248889,P56381,ordered
SER,11,93.87,0.504098,P56381,ordered
TYR,12,92.58,0.594323,P56381,ordered
ILE,13,92.27,0.60989,P56381,ordered
ARG,14,91.89,0.589627,P56381,ordered
TYR,15,93.78,0.373362,P56381,ordered
SER,16,92.95,0.432787,P56381,ordered
GLN,17,92.45,0.619577,P56381,ordered
ILE,18,93.24,0.512637,P56381,ordered
CYS,19,93.9,0.377143,P56381,ordered
ALA,20,92.78,0.292035,P56381,ordered
LYS,21,92.12,0.51564,P56381,ordered
ALA,22,94.08,0.547788,P56381,ordered
VAL,23,93.1,0.595625,P56381,ordered
ARG,24,91.6,0.256432,P56381,ordered
ASP,25,90.76,0.490066,P56381,ordered
ALA,26,93.46,0.769912,P56381,ordered
LEU,27,92.04,0.404444,P56381,ordered
LYS,28,91.59,0.672512,P56381,ordered
THR,29,90.27,0.819863,P56381,ordered
GLU,30,90.65,0.770492,P56381,ordered
PHE,31,88.79,0.577982,P56381,ordered
LYS,32,88.51,0.264455,P56381,ordered
ALA,33,86.77,0.550442,P56381,ordered
ASN,34,86.29,0.641139,P56381,ordered
ALA,35,86.07,0.141593,P56381,ordered
GLU,36,84.03,0.605464,P56381,ordered
LYS,37,82.54,0.752133,P56381,ordered
THR,38,77.88,0.70274,P56381,ordered
SER,39,73.43,0.545902,P56381,ordered
GLY,40,72.39,0.610588,P56381,ordered
SER,41,72.47,0.862295,P56381,ordered
ASN,42,75.81,0.968987,P56381,ordered
VAL,43,83.21,0.690625,P56381,ordered
LYS,44,85.0,0.912796,P56381,ordered
ILE,45,86.67,0.846703,P56381,ordered
VAL,46,90.31,0.769375,P56381,ordered
LYS,47,86.98,0.925118,P56381,ordered
VAL,48,87.24,0.84625,P56381,ordered
LYS,49,77.01,0.908531,P56381,ordered
LYS,50,68.71,0.904265,P56381,intermediate
GLU,51,62.27,1.325683,P56381,intermediate
