aa,pos,plddt,rsa,uniprot_id,location
MET,1,81.07,0.967157,P56378,ordered
LEU,2,80.27,0.671667,P56378,ordered
GLN,3,81.65,0.750265,P56378,ordered
SER,4,84.21,0.645082,P56378,ordered
ILE,5,82.91,0.447802,P56378,ordered
ILE,6,82.48,0.503846,P56378,ordered
LYS,7,81.59,0.585782,P56378,ordered
ASN,8,82.05,0.759494,P56378,ordered
ILE,9,82.26,0.502747,P56378,ordered
TRP,10,78.33,0.580309,P56378,ordered
ILE,11,80.64,0.602198,P56378,ordered
PRO,12,79.56,0.574825,P56378,ordered
MET,13,81.47,0.364216,P56378,ordered
LYS,14,79.04,0.532227,P56378,ordered
PRO,15,76.89,0.425874,P56378,ordered
TYR,16,74.99,0.68559,P56378,ordered
TYR,17,75.06,0.589083,P56378,ordered
THR,18,81.99,0.499315,P56378,ordered
LYS,19,84.24,0.550711,P56378,ordered
VAL,20,83.66,0.3975,P56378,ordered
TYR,21,85.02,0.669432,P56378,ordered
GLN,22,88.49,0.526455,P56378,ordered
GLU,23,90.41,0.692896,P56378,ordered
ILE,24,92.92,0.481868,P56378,ordered
TRP,25,90.59,0.777992,P56378,ordered
ILE,26,94.98,0.628022,P56378,ordered
GLY,27,95.59,0.338824,P56378,ordered
MET,28,96.75,0.653431,P56378,ordered
GLY,29,96.61,0.545882,P56378,ordered
LEU,30,97.43,0.537778,P56378,ordered
MET,31,97.34,0.616667,P56378,ordered
GLY,32,97.56,0.488235,P56378,ordered
PHE,33,96.77,0.552294,P56378,ordered
ILE,34,97.77,0.411538,P56378,ordered
VAL,35,97.16,0.419375,P56378,ordered
TYR,36,97.26,0.644541,P56378,ordered
LYS,37,96.3,0.549289,P56378,ordered
ILE,38,96.33,0.613736,P56378,ordered
ARG,39,95.11,0.712863,P56378,ordered
ALA,40,94.11,0.395575,P56378,ordered
ALA,41,94.44,0.528319,P56378,ordered
ASP,42,93.59,0.476821,P56378,ordered
LYS,43,92.49,0.733175,P56378,ordered
ARG,44,91.33,0.718672,P56378,ordered
SER,45,89.83,0.409836,P56378,ordered
LYS,46,90.01,0.582938,P56378,ordered
ALA,47,88.95,0.515044,P56378,ordered
LEU,48,85.92,0.603333,P56378,ordered
LYS,49,84.04,0.737441,P56378,ordered
ALA,50,83.31,0.776106,P56378,ordered
SER,51,81.96,0.683607,P56378,ordered
ALA,52,78.54,0.477876,P56378,ordered
PRO,53,77.89,0.836364,P56378,ordered
ALA,54,72.65,0.738938,P56378,ordered
PRO,55,72.86,0.85035,P56378,ordered
GLY,56,66.04,0.714118,P56378,intermediate
HIS,57,64.0,0.997423,P56378,intermediate
HIS,58,50.38,1.237629,P56378,intermediate
