aa,pos,plddt,rsa,uniprot_id,location
MET,1,52.95,1.145098,P58511,intermediate
ASN,2,67.17,0.853165,P58511,intermediate
TRP,3,68.02,0.674131,P58511,intermediate
LYS,4,65.81,0.585782,P58511,intermediate
VAL,5,65.18,0.616875,P58511,intermediate
LEU,6,63.23,0.732778,P58511,intermediate
GLU,7,67.12,0.682514,P58511,intermediate
HIS,8,69.62,0.543814,P58511,intermediate
VAL,9,71.07,0.38125,P58511,ordered
PRO,10,78.29,0.572028,P58511,ordered
LEU,11,81.6,0.596111,P58511,ordered
LEU,12,82.21,0.614444,P58511,ordered
LEU,13,80.29,0.581111,P58511,ordered
TYR,14,89.25,0.735808,P58511,ordered
ILE,15,89.47,0.425824,P58511,ordered
LEU,16,88.12,0.596667,P58511,ordered
ALA,17,93.13,0.426549,P58511,ordered
ALA,18,95.79,0.297345,P58511,ordered
LYS,19,94.85,0.58436,P58511,ordered
THR,20,95.58,0.580137,P58511,ordered
LEU,21,95.28,0.636111,P58511,ordered
ILE,22,95.52,0.571978,P58511,ordered
LEU,23,94.98,0.660556,P58511,ordered
CYS,24,93.38,0.577857,P58511,ordered
LEU,25,95.47,0.73,P58511,ordered
THR,26,95.73,0.527397,P58511,ordered
PHE,27,94.42,0.64633,P58511,ordered
ALA,28,95.88,0.466372,P58511,ordered
GLY,29,94.8,0.407059,P58511,ordered
VAL,30,93.95,0.5175,P58511,ordered
LYS,31,90.83,0.643602,P58511,ordered
MET,32,89.86,0.562255,P58511,ordered
TYR,33,89.65,0.641048,P58511,ordered
GLN,34,89.49,0.63545,P58511,ordered
ARG,35,86.93,0.675519,P58511,ordered
LYS,36,86.11,0.612796,P58511,ordered
ARG,37,85.11,0.56722,P58511,ordered
LEU,38,83.35,0.688333,P58511,ordered
GLU,39,83.54,0.478142,P58511,ordered
ALA,40,85.6,0.325664,P58511,ordered
LYS,41,84.27,0.661611,P58511,ordered
GLN,42,83.45,0.601058,P58511,ordered
GLN,43,84.47,0.649735,P58511,ordered
LYS,44,83.52,0.674408,P58511,ordered
LEU,45,83.11,0.598889,P58511,ordered
GLU,46,82.83,0.53388,P58511,ordered
ALA,47,85.53,0.426549,P58511,ordered
GLU,48,83.39,0.672131,P58511,ordered
ARG,49,80.37,0.688797,P58511,ordered
LYS,50,80.69,0.654028,P58511,ordered
LYS,51,82.26,0.692891,P58511,ordered
GLN,52,79.03,0.692063,P58511,ordered
SER,53,75.5,0.569672,P58511,ordered
GLU,54,76.5,0.687432,P58511,ordered
LYS,55,74.26,0.826066,P58511,ordered
LYS,56,69.43,0.867299,P58511,intermediate
ASP,57,65.87,0.949669,P58511,intermediate
ASN,58,54.54,1.151266,P58511,intermediate
