aa,pos,plddt,rsa,uniprot_id,location
MET,1,69.31,1.011765,P62273,intermediate
GLY,2,86.85,0.449412,P62273,ordered
HIS,3,87.9,0.726804,P62273,ordered
GLN,4,89.39,0.908995,P62273,ordered
GLN,5,88.85,0.67672,P62273,ordered
LEU,6,90.52,0.636667,P62273,ordered
TYR,7,92.88,0.670306,P62273,ordered
TRP,8,90.09,0.580695,P62273,ordered
SER,9,93.4,0.62459,P62273,ordered
HIS,10,91.58,0.674227,P62273,ordered
PRO,11,94.09,0.620979,P62273,ordered
ARG,12,93.24,0.373444,P62273,ordered
LYS,13,94.12,0.838863,P62273,ordered
PHE,14,93.15,0.783028,P62273,ordered
GLY,15,92.05,0.496471,P62273,ordered
GLN,16,90.52,0.696296,P62273,ordered
GLY,17,91.64,0.445882,P62273,ordered
SER,18,93.86,0.295082,P62273,ordered
ARG,19,94.39,0.313693,P62273,ordered
SER,20,95.93,0.463934,P62273,ordered
CYS,21,96.97,0.016429,P62273,ordered
ARG,22,95.52,0.672614,P62273,ordered
VAL,23,96.05,0.43125,P62273,ordered
CYS,24,96.71,0.472143,P62273,ordered
SER,25,95.61,0.660656,P62273,ordered
ASN,26,94.97,0.310759,P62273,ordered
ARG,27,94.26,0.554357,P62273,ordered
HIS,28,94.13,0.587113,P62273,ordered
GLY,29,94.54,0.478824,P62273,ordered
LEU,30,95.98,0.208889,P62273,ordered
ILE,31,96.1,0.267582,P62273,ordered
ARG,32,94.47,0.585062,P62273,ordered
LYS,33,95.46,0.618483,P62273,ordered
TYR,34,96.17,0.729258,P62273,ordered
GLY,35,94.04,0.602353,P62273,ordered
LEU,36,95.11,0.113889,P62273,ordered
ASN,37,94.92,0.423418,P62273,ordered
MET,38,96.4,0.004902,P62273,ordered
CYS,39,97.01,0.005714,P62273,ordered
ARG,40,96.71,0.580083,P62273,ordered
GLN,41,97.43,0.616402,P62273,ordered
CYS,42,97.27,0.087143,P62273,ordered
PHE,43,97.22,0.219725,P62273,ordered
ARG,44,96.62,0.845643,P62273,ordered
GLN,45,96.92,0.724868,P62273,ordered
TYR,46,96.33,0.388646,P62273,ordered
ALA,47,96.86,0.157522,P62273,ordered
LYS,48,96.25,0.823223,P62273,ordered
ASP,49,96.15,0.807947,P62273,ordered
ILE,50,95.41,0.367582,P62273,ordered
GLY,51,96.49,0.635294,P62273,ordered
PHE,52,96.02,0.418807,P62273,ordered
ILE,53,96.09,0.757692,P62273,ordered
LYS,54,95.14,0.779147,P62273,ordered
LEU,55,93.48,0.862778,P62273,ordered
ASP,56,87.1,1.212583,P62273,ordered
