aa,pos,plddt,rsa,uniprot_id,location
MET,1,86.47,0.562255,P62875,ordered
ILE,2,92.73,0.635714,P62875,ordered
ILE,3,94.91,0.082418,P62875,ordered
PRO,4,96.17,0.211189,P62875,ordered
VAL,5,96.28,0.68,P62875,ordered
ARG,6,97.14,0.605394,P62875,ordered
CYS,7,97.33,0.038571,P62875,ordered
PHE,8,97.09,0.713761,P62875,ordered
THR,9,97.53,0.618493,P62875,ordered
CYS,10,97.43,0.278571,P62875,ordered
GLY,11,96.19,0.415294,P62875,ordered
LYS,12,95.8,0.358768,P62875,ordered
ILE,13,96.15,0.508791,P62875,ordered
VAL,14,96.47,0.00125,P62875,ordered
GLY,15,95.5,0.337647,P62875,ordered
ASN,16,96.1,0.712658,P62875,ordered
LYS,17,95.94,0.136967,P62875,ordered
TRP,18,96.16,0.135521,P62875,ordered
GLU,19,95.58,0.859016,P62875,ordered
ALA,20,96.61,0.418584,P62875,ordered
TYR,21,97.08,0.051092,P62875,ordered
LEU,22,95.74,0.374444,P62875,ordered
GLY,23,97.33,0.425882,P62875,ordered
LEU,24,97.11,0.196111,P62875,ordered
LEU,25,95.58,0.346667,P62875,ordered
GLN,26,96.23,0.840212,P62875,ordered
ALA,27,96.26,0.516814,P62875,ordered
GLU,28,94.6,0.929508,P62875,ordered
TYR,29,95.09,0.500873,P62875,ordered
THR,30,95.86,0.493151,P62875,ordered
GLU,31,95.2,0.549727,P62875,ordered
GLY,32,95.35,0.392941,P62875,ordered
ASP,33,95.88,0.54106,P62875,ordered
ALA,34,97.16,0.0,P62875,ordered
LEU,35,96.67,0.016667,P62875,ordered
ASP,36,96.25,0.62053,P62875,ordered
ALA,37,96.06,0.623894,P62875,ordered
LEU,38,95.54,0.16,P62875,ordered
GLY,39,95.19,0.394118,P62875,ordered
LEU,40,95.05,0.011667,P62875,ordered
LYS,41,93.7,0.901896,P62875,ordered
ARG,42,95.96,0.504564,P62875,ordered
TYR,43,96.74,0.80262,P62875,ordered
CYS,44,97.42,0.067857,P62875,ordered
CYS,45,96.76,0.014286,P62875,ordered
ARG,46,96.93,0.178838,P62875,ordered
ARG,47,96.9,0.4639,P62875,ordered
MET,48,96.62,0.106373,P62875,ordered
LEU,49,95.63,0.011111,P62875,ordered
LEU,50,95.82,0.544444,P62875,ordered
ALA,51,95.49,0.711504,P62875,ordered
HIS,52,95.04,0.151546,P62875,ordered
VAL,53,93.97,0.601875,P62875,ordered
ASP,54,92.26,0.294702,P62875,ordered
LEU,55,93.0,0.477222,P62875,ordered
ILE,56,92.52,0.231868,P62875,ordered
GLU,57,90.22,0.695628,P62875,ordered
LYS,58,90.94,0.666825,P62875,ordered
LEU,59,90.8,0.486111,P62875,ordered
LEU,60,90.31,0.728889,P62875,ordered
ASN,61,88.67,0.770253,P62875,ordered
TYR,62,91.19,0.756769,P62875,ordered
ALA,63,86.64,0.466372,P62875,ordered
PRO,64,83.57,0.852448,P62875,ordered
LEU,65,79.65,0.923333,P62875,ordered
GLU,66,69.39,0.863388,P62875,intermediate
LYS,67,57.24,1.200948,P62875,intermediate
