aa,pos,plddt,rsa,uniprot_id,location
MET,1,76.63,0.784314,P62891,ordered
SER,2,82.99,0.538525,P62891,ordered
SER,3,86.67,0.689344,P62891,ordered
HIS,4,93.33,0.884536,P62891,ordered
LYS,5,92.41,0.31564,P62891,ordered
THR,6,95.96,0.573973,P62891,ordered
PHE,7,95.8,0.743578,P62891,ordered
ARG,8,95.46,0.86556,P62891,ordered
ILE,9,95.5,0.337363,P62891,ordered
LYS,10,95.55,0.395735,P62891,ordered
ARG,11,96.01,0.725726,P62891,ordered
PHE,12,95.82,0.342202,P62891,ordered
LEU,13,95.37,0.223889,P62891,ordered
ALA,14,95.53,0.340708,P62891,ordered
LYS,15,96.86,0.605213,P62891,ordered
LYS,16,96.11,0.327962,P62891,ordered
GLN,17,95.14,0.739683,P62891,ordered
LYS,18,96.46,0.706635,P62891,ordered
GLN,19,95.97,0.503704,P62891,ordered
ASN,20,96.53,0.35443,P62891,ordered
ARG,21,95.95,0.630705,P62891,ordered
PRO,22,96.67,0.621678,P62891,ordered
ILE,23,94.81,0.213736,P62891,ordered
PRO,24,95.76,0.379021,P62891,ordered
GLN,25,94.74,0.567725,P62891,ordered
TRP,26,96.35,0.556371,P62891,ordered
ILE,27,94.91,0.237912,P62891,ordered
ARG,28,91.09,0.453527,P62891,ordered
MET,29,93.15,0.656373,P62891,ordered
LYS,30,95.23,0.539336,P62891,ordered
THR,31,95.74,0.95274,P62891,ordered
GLY,32,94.56,0.962353,P62891,ordered
ASN,33,92.35,0.225316,P62891,ordered
LYS,34,93.95,0.882464,P62891,ordered
ILE,35,93.9,0.473077,P62891,ordered
ARG,36,92.45,0.631535,P62891,ordered
TYR,37,95.1,0.69214,P62891,ordered
ASN,38,96.29,0.243038,P62891,ordered
SER,39,94.84,0.742623,P62891,ordered
LYS,40,94.97,0.851185,P62891,ordered
ARG,41,95.81,0.652697,P62891,ordered
ARG,42,96.28,0.273029,P62891,ordered
HIS,43,96.59,0.441753,P62891,ordered
TRP,44,94.08,0.576448,P62891,ordered
ARG,45,95.08,0.707884,P62891,ordered
ARG,46,96.63,0.892116,P62891,ordered
THR,47,95.61,0.505479,P62891,ordered
LYS,48,94.49,0.67346,P62891,ordered
LEU,49,93.07,0.302778,P62891,ordered
GLY,50,89.33,0.917647,P62891,ordered
LEU,51,86.51,0.768333,P62891,ordered
