aa,pos,plddt,rsa,uniprot_id,location
MET,1,49.7,1.118627,P63313,intermediate
ALA,2,56.6,0.826549,P63313,intermediate
ASP,3,67.81,0.990728,P63313,intermediate
LYS,4,70.42,0.807583,P63313,ordered
PRO,5,73.89,0.669231,P63313,ordered
ASP,6,72.73,0.825828,P63313,ordered
MET,7,75.06,0.608824,P63313,ordered
GLY,8,77.75,0.456471,P63313,ordered
GLU,9,74.66,0.798907,P63313,ordered
ILE,10,78.19,0.666484,P63313,ordered
ALA,11,79.28,0.813274,P63313,ordered
SER,12,82.01,0.817213,P63313,ordered
PHE,13,83.86,0.501835,P63313,ordered
ASP,14,82.61,0.499338,P63313,ordered
LYS,15,82.15,0.752133,P63313,ordered
ALA,16,81.49,0.715044,P63313,ordered
LYS,17,82.95,0.769194,P63313,ordered
LEU,18,84.08,0.526111,P63313,ordered
LYS,19,80.58,0.900474,P63313,ordered
LYS,20,79.57,0.92891,P63313,ordered
THR,21,74.39,0.767808,P63313,ordered
GLU,22,68.76,0.812568,P63313,intermediate
THR,23,69.7,0.778082,P63313,intermediate
GLN,24,66.47,0.697884,P63313,intermediate
GLU,25,64.63,0.808197,P63313,intermediate
LYS,26,60.05,0.834597,P63313,intermediate
ASN,27,62.93,0.685443,P63313,intermediate
THR,28,57.22,0.786301,P63313,intermediate
LEU,29,67.53,0.778333,P63313,intermediate
PRO,30,68.31,0.503497,P63313,intermediate
THR,31,70.88,0.569863,P63313,ordered
LYS,32,71.72,0.722275,P63313,ordered
GLU,33,78.42,0.721858,P63313,ordered
THR,34,76.09,0.395205,P63313,ordered
ILE,35,77.91,0.5,P63313,ordered
GLU,36,79.86,0.57541,P63313,ordered
GLN,37,80.86,0.600529,P63313,ordered
GLU,38,79.82,0.699454,P63313,ordered
LYS,39,80.23,0.658294,P63313,ordered
ARG,40,76.94,0.824066,P63313,ordered
SER,41,75.74,0.707377,P63313,ordered
GLU,42,71.01,0.916393,P63313,ordered
ILE,43,66.77,0.753297,P63313,intermediate
SER,44,58.18,1.202459,P63313,intermediate
