aa,pos,plddt,rsa,uniprot_id,location
MET,1,57.65,0.823529,P80297,intermediate
ASP,2,65.64,0.386755,P80297,intermediate
PRO,3,72.23,0.927972,P80297,ordered
ASN,4,71.99,0.593038,P80297,ordered
CYS,5,73.06,0.048571,P80297,ordered
SER,6,76.05,0.954098,P80297,ordered
CYS,7,78.95,0.087857,P80297,ordered
SER,8,73.95,0.459016,P80297,ordered
PRO,9,66.04,0.711189,P80297,intermediate
VAL,10,64.81,0.721875,P80297,intermediate
GLY,11,60.04,0.98,P80297,intermediate
SER,12,70.72,0.741803,P80297,ordered
CYS,13,75.54,0.197143,P80297,ordered
ALA,14,79.38,0.789381,P80297,ordered
CYS,15,85.66,0.127143,P80297,ordered
ALA,16,83.09,0.687611,P80297,ordered
GLY,17,82.05,0.287059,P80297,ordered
SER,18,83.27,0.782787,P80297,ordered
CYS,19,85.83,0.172857,P80297,ordered
LYS,20,83.12,0.960664,P80297,ordered
CYS,21,82.15,0.058571,P80297,ordered
LYS,22,77.42,0.945024,P80297,ordered
GLU,23,77.39,0.665027,P80297,ordered
CYS,24,80.89,0.191429,P80297,ordered
LYS,25,78.25,0.745972,P80297,ordered
CYS,26,81.05,0.181429,P80297,ordered
THR,27,80.84,0.936301,P80297,ordered
SER,28,82.66,0.321311,P80297,ordered
CYS,29,83.81,0.13,P80297,ordered
LYS,30,80.33,0.685782,P80297,ordered
LYS,31,81.19,0.337441,P80297,ordered
SER,32,84.56,0.333607,P80297,ordered
CYS,33,85.28,0.522143,P80297,ordered
CYS,34,85.77,0.123571,P80297,ordered
SER,35,85.05,0.718852,P80297,ordered
CYS,36,89.87,0.100714,P80297,ordered
CYS,37,87.96,0.086429,P80297,ordered
PRO,38,87.19,0.66993,P80297,ordered
VAL,39,84.98,0.545625,P80297,ordered
GLY,40,85.82,0.874118,P80297,ordered
CYS,41,89.49,0.113571,P80297,ordered
ALA,42,89.5,0.778761,P80297,ordered
LYS,43,90.35,0.485308,P80297,ordered
CYS,44,90.27,0.101429,P80297,ordered
ALA,45,84.85,0.759292,P80297,ordered
GLN,46,84.51,1.014286,P80297,ordered
GLY,47,85.32,0.397647,P80297,ordered
CYS,48,88.48,0.43,P80297,ordered
ILE,49,89.26,0.524176,P80297,ordered
CYS,50,89.18,0.147857,P80297,ordered
LYS,51,81.97,0.920379,P80297,ordered
GLY,52,64.57,0.667059,P80297,intermediate
THR,53,66.7,0.886986,P80297,intermediate
SER,54,77.24,0.483607,P80297,ordered
ASP,55,80.23,0.819868,P80297,ordered
LYS,56,81.76,0.840758,P80297,ordered
CYS,57,88.02,0.192857,P80297,ordered
SER,58,87.11,0.927869,P80297,ordered
CYS,59,88.57,0.330714,P80297,ordered
CYS,60,86.01,0.204286,P80297,ordered
ALA,61,81.17,1.028319,P80297,ordered
