aa,pos,plddt,rsa,uniprot_id,location
MET,1,58.61,0.794118,P80294,intermediate
ASP,2,64.5,0.309272,P80294,intermediate
PRO,3,70.27,0.904196,P80294,ordered
ASN,4,69.74,0.546835,P80294,intermediate
CYS,5,73.86,0.052143,P80294,ordered
SER,6,75.86,0.82377,P80294,ordered
CYS,7,78.9,0.072143,P80294,ordered
GLU,8,72.1,0.708197,P80294,ordered
ALA,9,64.25,0.749558,P80294,intermediate
GLY,10,61.23,0.778824,P80294,intermediate
GLY,11,60.96,0.670588,P80294,intermediate
SER,12,69.81,0.795902,P80294,intermediate
CYS,13,73.73,0.147143,P80294,ordered
ALA,14,76.33,0.79115,P80294,ordered
CYS,15,84.83,0.112857,P80294,ordered
ALA,16,79.87,0.684956,P80294,ordered
GLY,17,79.22,0.289412,P80294,ordered
SER,18,80.82,0.80082,P80294,ordered
CYS,19,85.03,0.147857,P80294,ordered
LYS,20,80.32,0.964929,P80294,ordered
CYS,21,81.97,0.068571,P80294,ordered
LYS,22,75.27,0.967773,P80294,ordered
LYS,23,75.55,0.724171,P80294,ordered
CYS,24,80.39,0.203571,P80294,ordered
LYS,25,76.17,0.731754,P80294,ordered
CYS,26,80.7,0.132143,P80294,ordered
THR,27,78.17,0.847945,P80294,ordered
SER,28,79.56,0.382787,P80294,ordered
CYS,29,81.54,0.110714,P80294,ordered
LYS,30,77.64,0.716588,P80294,ordered
LYS,31,76.9,0.358294,P80294,ordered
SER,32,79.7,0.352459,P80294,ordered
CYS,33,84.05,0.545,P80294,ordered
CYS,34,85.06,0.134286,P80294,ordered
SER,35,82.81,0.695902,P80294,ordered
CYS,36,88.81,0.065714,P80294,ordered
CYS,37,87.54,0.062143,P80294,ordered
PRO,38,85.33,0.666434,P80294,ordered
LEU,39,80.47,0.629444,P80294,ordered
GLY,40,83.55,0.898824,P80294,ordered
CYS,41,87.76,0.115714,P80294,ordered
ALA,42,88.15,0.70177,P80294,ordered
LYS,43,88.9,0.465877,P80294,ordered
CYS,44,89.43,0.094286,P80294,ordered
ALA,45,84.12,0.787611,P80294,ordered
GLN,46,84.76,0.946561,P80294,ordered
GLY,47,84.54,0.387059,P80294,ordered
CYS,48,88.13,0.407857,P80294,ordered
ILE,49,88.12,0.581319,P80294,ordered
CYS,50,89.1,0.183571,P80294,ordered
LYS,51,78.78,0.999526,P80294,ordered
GLY,52,65.38,0.502353,P80294,intermediate
ALA,53,63.07,0.926549,P80294,intermediate
SER,54,75.41,0.562295,P80294,ordered
GLU,55,77.27,0.874317,P80294,ordered
LYS,56,79.8,0.845024,P80294,ordered
CYS,57,87.8,0.152143,P80294,ordered
SER,58,86.5,0.916393,P80294,ordered
CYS,59,87.3,0.351429,P80294,ordered
CYS,60,85.51,0.188571,P80294,ordered
ALA,61,78.06,1.031858,P80294,ordered
