aa,pos,plddt,rsa,uniprot_id,location
MET,1,53.88,1.19902,P84101,intermediate
THR,2,65.3,0.727397,P84101,intermediate
ARG,3,70.8,0.892116,P84101,ordered
GLY,4,77.49,0.584706,P84101,ordered
ASN,5,84.32,0.603165,P84101,ordered
GLN,6,85.88,0.762434,P84101,ordered
ARG,7,86.71,0.764315,P84101,ordered
GLU,8,91.2,0.44918,P84101,ordered
LEU,9,88.71,0.581111,P84101,ordered
ALA,10,88.81,0.429204,P84101,ordered
ARG,11,90.7,0.609544,P84101,ordered
GLN,12,88.54,0.518519,P84101,ordered
LYS,13,90.94,0.706161,P84101,ordered
ASN,14,90.12,0.611392,P84101,ordered
MET,15,87.59,0.475,P84101,ordered
LYS,16,85.83,0.581991,P84101,ordered
LYS,17,85.07,0.690047,P84101,ordered
GLN,18,80.54,0.689947,P84101,ordered
SER,19,79.37,0.461475,P84101,ordered
ASP,20,75.2,0.475497,P84101,ordered
SER,21,69.44,0.479508,P84101,intermediate
VAL,22,69.23,0.66125,P84101,intermediate
LYS,23,62.28,0.803318,P84101,intermediate
GLY,24,60.63,0.816471,P84101,intermediate
LYS,25,57.61,0.712322,P84101,intermediate
ARG,26,58.38,0.851867,P84101,intermediate
ARG,27,62.06,0.86473,P84101,intermediate
ASP,28,60.9,0.853642,P84101,intermediate
ASP,29,73.24,0.533113,P84101,ordered
GLY,30,73.84,0.855294,P84101,ordered
LEU,31,79.33,0.268333,P84101,ordered
SER,32,83.89,0.553279,P84101,ordered
ALA,33,85.65,0.748673,P84101,ordered
ALA,34,88.64,0.643363,P84101,ordered
ALA,35,88.81,0.287611,P84101,ordered
ARG,36,87.82,0.414938,P84101,ordered
LYS,37,91.9,0.748341,P84101,ordered
GLN,38,90.6,0.591534,P84101,ordered
ARG,39,88.89,0.3639,P84101,ordered
ASP,40,91.33,0.617881,P84101,ordered
SER,41,92.62,0.410656,P84101,ordered
GLU,42,92.49,0.465027,P84101,ordered
ILE,43,94.15,0.530769,P84101,ordered
MET,44,94.53,0.579412,P84101,ordered
GLN,45,92.99,0.553968,P84101,ordered
GLN,46,93.8,0.654497,P84101,ordered
LYS,47,95.97,0.737441,P84101,ordered
GLN,48,93.56,0.555026,P84101,ordered
LYS,49,92.93,0.628436,P84101,ordered
LYS,50,92.58,0.579147,P84101,ordered
ALA,51,92.05,0.390265,P84101,ordered
ASN,52,90.67,0.526582,P84101,ordered
GLU,53,88.09,0.611475,P84101,ordered
LYS,54,86.37,0.653081,P84101,ordered
LYS,55,82.33,0.785308,P84101,ordered
GLU,56,74.32,0.809836,P84101,ordered
GLU,57,65.07,0.72623,P84101,intermediate
PRO,58,67.68,0.832168,P84101,intermediate
LYS,59,61.36,1.256398,P84101,intermediate
