aa,pos,plddt,rsa,uniprot_id,location
MET,1,55.55,1.193627,Q13794,intermediate
PRO,2,52.64,0.93007,Q13794,intermediate
GLY,3,59.68,0.871765,Q13794,intermediate
LYS,4,65.06,0.975829,Q13794,intermediate
LYS,5,66.71,0.940284,Q13794,intermediate
ALA,6,62.43,0.806195,Q13794,intermediate
ARG,7,65.44,0.967635,Q13794,intermediate
LYS,8,59.78,0.824645,Q13794,intermediate
ASN,9,59.32,0.846203,Q13794,intermediate
ALA,10,63.91,0.837168,Q13794,intermediate
GLN,11,64.72,0.814286,Q13794,intermediate
PRO,12,61.35,0.764336,Q13794,intermediate
SER,13,65.79,0.811475,Q13794,intermediate
PRO,14,63.06,0.791608,Q13794,intermediate
ALA,15,68.33,0.885841,Q13794,intermediate
ARG,16,68.18,0.623237,Q13794,intermediate
ALA,17,79.04,0.388496,Q13794,ordered
PRO,18,80.82,0.68042,Q13794,ordered
ALA,19,83.5,0.533628,Q13794,ordered
GLU,20,85.51,0.571585,Q13794,ordered
LEU,21,87.65,0.533333,Q13794,ordered
GLU,22,90.31,0.691257,Q13794,ordered
VAL,23,92.26,0.59625,Q13794,ordered
GLU,24,92.07,0.423497,Q13794,ordered
CYS,25,92.79,0.487857,Q13794,ordered
ALA,26,94.35,0.510619,Q13794,ordered
THR,27,95.31,0.363699,Q13794,ordered
GLN,28,95.58,0.436508,Q13794,ordered
LEU,29,95.49,0.636667,Q13794,ordered
ARG,30,96.02,0.711618,Q13794,ordered
ARG,31,95.69,0.628216,Q13794,ordered
PHE,32,95.11,0.588532,Q13794,ordered
GLY,33,95.95,0.417647,Q13794,ordered
ASP,34,95.66,0.597351,Q13794,ordered
LYS,35,95.87,0.63128,Q13794,ordered
LEU,36,95.98,0.643333,Q13794,ordered
ASN,37,95.45,0.479114,Q13794,ordered
PHE,38,96.13,0.627523,Q13794,ordered
ARG,39,95.85,0.663071,Q13794,ordered
GLN,40,96.58,0.621693,Q13794,ordered
LYS,41,95.9,0.630332,Q13794,ordered
LEU,42,95.87,0.462778,Q13794,ordered
LEU,43,95.41,0.584444,Q13794,ordered
ASN,44,93.96,0.46962,Q13794,ordered
LEU,45,94.2,0.535556,Q13794,ordered
ILE,46,93.38,0.396154,Q13794,ordered
SER,47,93.41,0.478689,Q13794,ordered
LYS,48,91.73,0.591943,Q13794,ordered
LEU,49,90.77,0.711111,Q13794,ordered
PHE,50,90.46,0.76789,Q13794,ordered
CYS,51,79.54,0.767857,Q13794,ordered
SER,52,70.1,0.7,Q13794,ordered
GLY,53,68.36,0.764706,Q13794,intermediate
THR,54,48.36,1.339041,Q13794,intermediate
