aa,pos,plddt,rsa,uniprot_id,location
MET,1,52.78,1.178431,Q14061,intermediate
PRO,2,58.27,0.940559,Q14061,intermediate
GLY,3,50.79,0.770588,Q14061,intermediate
LEU,4,54.67,0.999444,Q14061,intermediate
VAL,5,51.83,0.72625,Q14061,intermediate
ASP,6,52.53,0.950993,Q14061,intermediate
SER,7,46.86,0.653279,Q14061,disordered
ASN,8,58.39,0.777848,Q14061,intermediate
PRO,9,41.92,0.636364,Q14061,disordered
ALA,10,52.72,0.960177,Q14061,intermediate
PRO,11,46.4,0.686713,Q14061,disordered
PRO,12,44.07,0.730769,Q14061,disordered
GLU,13,48.25,0.812022,Q14061,intermediate
SER,14,48.36,0.831967,Q14061,intermediate
GLN,15,48.8,0.778307,Q14061,intermediate
GLU,16,49.1,0.942623,Q14061,intermediate
LYS,17,47.08,0.905213,Q14061,intermediate
LYS,18,45.25,0.858294,Q14061,intermediate
PRO,19,47.66,0.731469,Q14061,intermediate
LEU,20,40.43,0.918333,Q14061,intermediate
LYS,21,47.02,0.624645,Q14061,intermediate
PRO,22,54.36,0.925874,Q14061,intermediate
CYS,23,53.21,0.479286,Q14061,intermediate
CYS,24,59.88,0.55,Q14061,intermediate
ALA,25,67.1,0.318584,Q14061,intermediate
CYS,26,82.41,0.053571,Q14061,ordered
PRO,27,80.83,0.407692,Q14061,ordered
GLU,28,81.1,0.695628,Q14061,ordered
THR,29,85.96,0.229452,Q14061,ordered
LYS,30,84.96,0.412322,Q14061,ordered
LYS,31,86.02,0.741706,Q14061,ordered
ALA,32,85.96,0.365487,Q14061,ordered
ARG,33,89.59,0.162241,Q14061,ordered
ASP,34,90.07,0.454305,Q14061,ordered
ALA,35,88.95,0.361947,Q14061,ordered
CYS,36,89.61,0.164286,Q14061,ordered
ILE,37,90.17,0.269231,Q14061,ordered
ILE,38,89.32,0.726374,Q14061,ordered
GLU,39,89.28,0.807104,Q14061,ordered
LYS,40,86.96,0.633649,Q14061,ordered
GLY,41,86.44,0.221176,Q14061,ordered
GLU,42,83.8,0.669399,Q14061,ordered
GLU,43,85.96,0.869945,Q14061,ordered
HIS,44,84.93,0.59433,Q14061,ordered
CYS,45,88.07,0.0,Q14061,ordered
GLY,46,86.68,0.381176,Q14061,ordered
HIS,47,85.72,0.519072,Q14061,ordered
LEU,48,89.06,0.204444,Q14061,ordered
ILE,49,89.55,0.222527,Q14061,ordered
GLU,50,88.52,0.576503,Q14061,ordered
ALA,51,86.69,0.348673,Q14061,ordered
HIS,52,88.61,0.071649,Q14061,ordered
LYS,53,88.1,0.358768,Q14061,ordered
GLU,54,88.01,0.732787,Q14061,ordered
CYS,55,87.07,0.243571,Q14061,ordered
MET,56,87.2,0.164216,Q14061,ordered
ARG,57,87.74,0.797095,Q14061,ordered
ALA,58,83.11,0.80354,Q14061,ordered
LEU,59,83.49,0.520556,Q14061,ordered
GLY,60,84.84,0.751765,Q14061,ordered
PHE,61,82.93,0.496789,Q14061,ordered
LYS,62,74.83,0.993839,Q14061,ordered
ILE,63,71.78,0.685165,Q14061,ordered
