aa,pos,plddt,rsa,uniprot_id,location
MET,1,60.76,1.032843,Q30KQ1,intermediate
LYS,2,69.59,0.863033,Q30KQ1,intermediate
ILE,3,80.18,0.704396,Q30KQ1,intermediate
HIS,4,78.91,0.757216,Q30KQ1,intermediate
VAL,5,80.91,0.581875,Q30KQ1,intermediate
PHE,6,80.57,0.706881,Q30KQ1,intermediate
LEU,7,82.37,0.572222,Q30KQ1,intermediate
PHE,8,78.89,0.613303,Q30KQ1,intermediate
VAL,9,81.0,0.4275,Q30KQ1,intermediate
LEU,10,81.01,0.518889,Q30KQ1,intermediate
PHE,11,74.82,0.664679,Q30KQ1,intermediate
PHE,12,69.31,0.60367,Q30KQ1,intermediate
PHE,13,67.53,0.650917,Q30KQ1,intermediate
LEU,14,64.86,0.545,Q30KQ1,intermediate
VAL,15,60.9,0.414375,Q30KQ1,intermediate
PRO,16,55.66,0.482517,Q30KQ1,intermediate
ILE,17,58.71,0.63022,Q30KQ1,intermediate
ALA,18,55.62,0.769912,Q30KQ1,intermediate
THR,19,49.06,0.581507,Q30KQ1,disordered
ARG,20,47.21,0.778838,Q30KQ1,disordered
VAL,21,45.73,0.5925,Q30KQ1,intermediate
LYS,22,44.8,0.907583,Q30KQ1,intermediate
CYS,23,40.16,0.885,Q30KQ1,intermediate
ALA,24,46.01,0.469027,Q30KQ1,intermediate
VAL,25,54.6,0.370625,Q30KQ1,intermediate
LYS,26,56.06,0.823697,Q30KQ1,intermediate
ASP,27,61.78,0.333775,Q30KQ1,intermediate
THR,28,68.44,0.211644,Q30KQ1,intermediate
TYR,29,71.28,0.593886,Q30KQ1,ordered
SER,30,75.47,0.480328,Q30KQ1,ordered
CYS,31,83.41,0.023571,Q30KQ1,ordered
PHE,32,80.48,0.676147,Q30KQ1,ordered
ILE,33,82.53,0.601648,Q30KQ1,ordered
MET,34,82.22,0.493137,Q30KQ1,ordered
ARG,35,83.51,0.870539,Q30KQ1,ordered
GLY,36,83.5,0.110588,Q30KQ1,ordered
LYS,37,83.07,0.63128,Q30KQ1,ordered
CYS,38,83.66,0.240714,Q30KQ1,ordered
ARG,39,82.3,0.339004,Q30KQ1,ordered
HIS,40,82.01,0.656186,Q30KQ1,ordered
GLU,41,71.96,0.814208,Q30KQ1,ordered
CYS,42,72.15,0.372857,Q30KQ1,ordered
HIS,43,65.69,0.6,Q30KQ1,intermediate
ASP,44,70.28,0.909272,Q30KQ1,ordered
PHE,45,68.35,0.905963,Q30KQ1,intermediate
GLU,46,69.31,0.304372,Q30KQ1,intermediate
LYS,47,74.49,0.779147,Q30KQ1,ordered
PRO,48,77.6,0.579021,Q30KQ1,ordered
ILE,49,83.48,0.515934,Q30KQ1,ordered
GLY,50,82.86,0.358824,Q30KQ1,ordered
PHE,51,82.78,0.465138,Q30KQ1,ordered
CYS,52,84.7,0.002143,Q30KQ1,ordered
THR,53,80.53,0.600685,Q30KQ1,ordered
LYS,54,75.99,0.721801,Q30KQ1,ordered
LEU,55,76.02,0.512778,Q30KQ1,ordered
ASN,56,84.42,0.701266,Q30KQ1,ordered
ALA,57,86.55,0.031858,Q30KQ1,ordered
ASN,58,87.64,0.313291,Q30KQ1,ordered
CYS,59,85.5,0.053571,Q30KQ1,ordered
TYR,60,82.97,0.069869,Q30KQ1,ordered
MET,61,78.09,0.658824,Q30KQ1,ordered
