aa,pos,plddt,rsa,uniprot_id,location
MET,1,54.57,1.017157,Q538Z0,intermediate
LYS,2,57.12,0.852607,Q538Z0,intermediate
SER,3,72.53,0.736885,Q538Z0,intermediate
VAL,4,67.93,0.56375,Q538Z0,intermediate
ILE,5,70.18,0.380769,Q538Z0,intermediate
SER,6,73.58,0.572131,Q538Z0,intermediate
TYR,7,74.72,0.604803,Q538Z0,intermediate
ALA,8,70.71,0.042478,Q538Z0,intermediate
LEU,9,72.93,0.487778,Q538Z0,intermediate
TYR,10,76.41,0.603493,Q538Z0,intermediate
GLN,11,73.85,0.213757,Q538Z0,intermediate
VAL,12,70.47,0.180625,Q538Z0,intermediate
GLN,13,72.89,0.865079,Q538Z0,intermediate
THR,14,76.14,0.539726,Q538Z0,intermediate
GLY,15,71.13,0.729412,Q538Z0,intermediate
SER,16,71.87,0.621311,Q538Z0,intermediate
LEU,17,67.59,0.127778,Q538Z0,intermediate
PRO,18,66.43,0.807692,Q538Z0,intermediate
VAL,19,61.97,0.185625,Q538Z0,intermediate
TYR,20,62.48,0.790393,Q538Z0,intermediate
SER,21,59.0,0.643443,Q538Z0,intermediate
SER,22,61.74,0.566393,Q538Z0,intermediate
VAL,23,58.52,0.3375,Q538Z0,intermediate
LEU,24,59.03,0.155556,Q538Z0,intermediate
THR,25,58.63,0.810274,Q538Z0,intermediate
LYS,26,63.03,0.699526,Q538Z0,intermediate
SER,27,66.36,0.258197,Q538Z0,intermediate
PRO,28,65.46,0.697902,Q538Z0,intermediate
LEU,29,68.96,0.693333,Q538Z0,intermediate
GLN,30,68.77,0.408995,Q538Z0,intermediate
LEU,31,69.18,0.076667,Q538Z0,intermediate
GLN,32,71.47,0.675132,Q538Z0,intermediate
THR,33,76.3,0.543836,Q538Z0,intermediate
VAL,34,74.69,0.26125,Q538Z0,intermediate
ILE,35,75.58,0.232418,Q538Z0,intermediate
TYR,36,78.09,0.671616,Q538Z0,intermediate
ARG,37,79.19,0.674689,Q538Z0,intermediate
LEU,38,76.2,0.266667,Q538Z0,intermediate
ILE,39,78.89,0.534066,Q538Z0,intermediate
VAL,40,76.73,0.324375,Q538Z0,intermediate
GLN,41,75.51,0.628042,Q538Z0,intermediate
ILE,42,72.28,0.562637,Q538Z0,intermediate
GLN,43,75.34,0.628571,Q538Z0,intermediate
HIS,44,65.75,0.677835,Q538Z0,intermediate
LEU,45,64.71,0.864444,Q538Z0,intermediate
ASN,46,59.85,0.825949,Q538Z0,intermediate
ILE,47,56.73,0.52967,Q538Z0,intermediate
PRO,48,54.56,0.715385,Q538Z0,intermediate
SER,49,56.53,0.87459,Q538Z0,intermediate
SER,50,54.4,0.847541,Q538Z0,intermediate
SER,51,55.83,0.754098,Q538Z0,intermediate
SER,52,57.64,0.863934,Q538Z0,intermediate
THR,53,64.16,0.703425,Q538Z0,intermediate
HIS,54,61.89,0.776804,Q538Z0,intermediate
SER,55,64.28,0.718852,Q538Z0,intermediate
SER,56,65.67,0.668852,Q538Z0,intermediate
PRO,57,70.57,0.748252,Q538Z0,intermediate
PHE,58,61.5,1.265596,Q538Z0,intermediate
