aa,pos,plddt,rsa,uniprot_id,location
MET,1,63.12,1.013725,Q8N104,intermediate
ARG,2,67.72,0.788797,Q8N104,intermediate
THR,3,74.15,0.662329,Q8N104,ordered
PHE,4,73.49,0.643119,Q8N104,ordered
LEU,5,74.15,0.682222,Q8N104,ordered
PHE,6,76.16,0.642661,Q8N104,ordered
LEU,7,76.81,0.59,Q8N104,ordered
PHE,8,76.14,0.555046,Q8N104,ordered
ALA,9,78.52,0.361947,Q8N104,ordered
VAL,10,75.52,0.52625,Q8N104,ordered
LEU,11,71.77,0.573333,Q8N104,ordered
PHE,12,69.3,0.648165,Q8N104,intermediate
PHE,13,69.11,0.73578,Q8N104,intermediate
LEU,14,65.14,0.593889,Q8N104,intermediate
THR,15,65.56,0.519863,Q8N104,intermediate
PRO,16,62.83,0.481119,Q8N104,intermediate
ALA,17,62.87,0.552212,Q8N104,intermediate
LYS,18,63.85,0.679147,Q8N104,intermediate
ASN,19,65.55,0.451899,Q8N104,intermediate
ALA,20,77.66,0.520354,Q8N104,ordered
PHE,21,83.66,0.577523,Q8N104,ordered
PHE,22,87.17,0.412844,Q8N104,ordered
ASP,23,88.91,0.338411,Q8N104,ordered
GLU,24,91.83,0.528415,Q8N104,ordered
LYS,25,90.84,0.503791,Q8N104,ordered
CYS,26,94.33,0.005,Q8N104,ordered
ASN,27,92.9,0.701899,Q8N104,ordered
LYS,28,94.48,0.726066,Q8N104,ordered
LEU,29,92.28,0.401667,Q8N104,ordered
LYS,30,94.46,0.790047,Q8N104,ordered
GLY,31,95.32,0.167059,Q8N104,ordered
THR,32,95.49,0.504795,Q8N104,ordered
CYS,33,95.17,0.323571,Q8N104,ordered
LYS,34,95.92,0.309479,Q8N104,ordered
ASN,35,96.15,0.755063,Q8N104,ordered
ASN,36,96.08,0.674051,Q8N104,ordered
CYS,37,96.23,0.29,Q8N104,ordered
GLY,38,94.23,0.443529,Q8N104,ordered
LYS,39,91.67,0.987678,Q8N104,ordered
ASN,40,91.52,0.693671,Q8N104,ordered
GLU,41,95.21,0.217486,Q8N104,ordered
GLU,42,94.0,0.382514,Q8N104,ordered
LEU,43,95.67,0.577222,Q8N104,ordered
ILE,44,94.68,0.329121,Q8N104,ordered
ALA,45,92.73,0.190265,Q8N104,ordered
LEU,46,91.36,0.606667,Q8N104,ordered
CYS,47,92.29,0.08,Q8N104,ordered
GLN,48,87.32,0.238624,Q8N104,ordered
LYS,49,86.96,0.859716,Q8N104,ordered
SER,50,87.38,0.882787,Q8N104,ordered
LEU,51,94.37,0.243333,Q8N104,ordered
LYS,52,95.36,0.3109,Q8N104,ordered
CYS,53,96.47,0.0,Q8N104,ordered
CYS,54,97.42,0.010714,Q8N104,ordered
ARG,55,95.43,0.420332,Q8N104,ordered
THR,56,93.18,0.676027,Q8N104,ordered
ILE,57,90.31,0.403846,Q8N104,ordered
GLN,58,83.03,0.6,Q8N104,ordered
PRO,59,79.05,0.653846,Q8N104,ordered
CYS,60,72.85,1.055,Q8N104,ordered
GLY,61,69.56,0.942353,Q8N104,intermediate
SER,62,57.03,0.388525,Q8N104,intermediate
ILE,63,53.18,0.823077,Q8N104,intermediate
ILE,64,56.43,0.706044,Q8N104,intermediate
ASP,65,51.52,1.322517,Q8N104,intermediate
