aa,pos,plddt,rsa,uniprot_id,location
MET,1,57.83,0.870098,Q8N339,intermediate
ASP,2,63.85,0.310596,Q8N339,intermediate
PRO,3,71.08,0.89021,Q8N339,ordered
ASN,4,70.64,0.536076,Q8N339,ordered
CYS,5,73.25,0.046429,Q8N339,ordered
SER,6,75.93,0.77459,Q8N339,ordered
CYS,7,78.13,0.071429,Q8N339,ordered
THR,8,71.18,0.689726,Q8N339,ordered
THR,9,64.51,0.787671,Q8N339,intermediate
GLY,10,58.4,0.854118,Q8N339,intermediate
VAL,11,60.09,0.894375,Q8N339,intermediate
SER,12,64.57,0.62623,Q8N339,intermediate
CYS,13,70.83,0.132857,Q8N339,ordered
ALA,14,74.2,0.731858,Q8N339,ordered
CYS,15,82.13,0.094286,Q8N339,ordered
THR,16,78.24,0.723973,Q8N339,ordered
GLY,17,78.02,0.276471,Q8N339,ordered
SER,18,78.79,0.790164,Q8N339,ordered
CYS,19,84.05,0.144286,Q8N339,ordered
THR,20,79.93,0.917123,Q8N339,ordered
CYS,21,81.62,0.05,Q8N339,ordered
LYS,22,75.32,0.981043,Q8N339,ordered
GLU,23,75.75,0.64918,Q8N339,ordered
CYS,24,80.03,0.18,Q8N339,ordered
LYS,25,76.17,0.672986,Q8N339,ordered
CYS,26,79.68,0.198571,Q8N339,ordered
THR,27,76.97,0.94589,Q8N339,ordered
SER,28,78.51,0.459016,Q8N339,ordered
CYS,29,80.7,0.098571,Q8N339,ordered
LYS,30,78.37,0.700474,Q8N339,ordered
LYS,31,78.52,0.390995,Q8N339,ordered
SER,32,80.76,0.351639,Q8N339,ordered
CYS,33,84.12,0.540714,Q8N339,ordered
CYS,34,85.1,0.128571,Q8N339,ordered
SER,35,82.76,0.813115,Q8N339,ordered
CYS,36,88.44,0.089286,Q8N339,ordered
CYS,37,87.74,0.085714,Q8N339,ordered
PRO,38,85.71,0.655245,Q8N339,ordered
VAL,39,81.82,0.485,Q8N339,ordered
GLY,40,84.32,0.892941,Q8N339,ordered
CYS,41,87.71,0.119286,Q8N339,ordered
ALA,42,88.2,0.734513,Q8N339,ordered
LYS,43,88.62,0.525592,Q8N339,ordered
CYS,44,89.46,0.107857,Q8N339,ordered
ALA,45,84.21,0.70885,Q8N339,ordered
HIS,46,83.19,0.952577,Q8N339,ordered
GLY,47,83.79,0.405882,Q8N339,ordered
CYS,48,87.77,0.398571,Q8N339,ordered
VAL,49,87.7,0.685625,Q8N339,ordered
CYS,50,87.45,0.155,Q8N339,ordered
LYS,51,78.64,0.956872,Q8N339,ordered
GLY,52,64.99,0.567059,Q8N339,intermediate
THR,53,62.68,0.915753,Q8N339,intermediate
LEU,54,70.91,0.652222,Q8N339,ordered
GLU,55,75.72,0.945902,Q8N339,ordered
ASN,56,75.92,0.66962,Q8N339,ordered
CYS,57,86.38,0.144286,Q8N339,ordered
SER,58,84.62,0.890984,Q8N339,ordered
CYS,59,86.44,0.41,Q8N339,ordered
CYS,60,84.59,0.203571,Q8N339,ordered
ALA,61,75.91,1.027434,Q8N339,ordered
