aa,pos,plddt,rsa,uniprot_id,location
MET,1,54.81,1.090196,Q8N4H5,intermediate
PHE,2,52.34,0.872018,Q8N4H5,intermediate
ARG,3,57.48,0.746058,Q8N4H5,intermediate
ILE,4,67.88,0.787363,Q8N4H5,intermediate
GLU,5,59.46,0.784153,Q8N4H5,intermediate
GLY,6,58.6,0.718824,Q8N4H5,intermediate
LEU,7,60.85,0.807222,Q8N4H5,intermediate
ALA,8,65.38,0.657522,Q8N4H5,intermediate
PRO,9,63.42,0.73986,Q8N4H5,intermediate
LYS,10,69.19,0.952607,Q8N4H5,intermediate
LEU,11,71.59,0.358333,Q8N4H5,ordered
ASP,12,86.12,0.516556,Q8N4H5,ordered
PRO,13,88.75,0.593706,Q8N4H5,ordered
GLU,14,90.93,0.576503,Q8N4H5,ordered
GLU,15,90.67,0.55082,Q8N4H5,ordered
MET,16,90.32,0.466176,Q8N4H5,ordered
LYS,17,93.23,0.574882,Q8N4H5,ordered
ARG,18,94.14,0.66971,Q8N4H5,ordered
LYS,19,94.8,0.566351,Q8N4H5,ordered
MET,20,95.08,0.629412,Q8N4H5,ordered
ARG,21,95.33,0.692116,Q8N4H5,ordered
GLU,22,97.11,0.518579,Q8N4H5,ordered
ASP,23,97.49,0.57947,Q8N4H5,ordered
VAL,24,97.21,0.52875,Q8N4H5,ordered
ILE,25,97.55,0.478571,Q8N4H5,ordered
SER,26,97.34,0.460656,Q8N4H5,ordered
SER,27,97.72,0.588525,Q8N4H5,ordered
ILE,28,97.82,0.514835,Q8N4H5,ordered
ARG,29,97.98,0.685477,Q8N4H5,ordered
ASN,30,97.61,0.468354,Q8N4H5,ordered
PHE,31,97.77,0.60367,Q8N4H5,ordered
LEU,32,98.1,0.575,Q8N4H5,ordered
ILE,33,97.98,0.443956,Q8N4H5,ordered
TYR,34,97.66,0.716157,Q8N4H5,ordered
VAL,35,98.15,0.348125,Q8N4H5,ordered
ALA,36,98.04,0.450442,Q8N4H5,ordered
LEU,37,97.8,0.568889,Q8N4H5,ordered
LEU,38,97.26,0.722778,Q8N4H5,ordered
ARG,39,96.59,0.719502,Q8N4H5,ordered
VAL,40,96.71,0.465,Q8N4H5,ordered
THR,41,96.98,0.45274,Q8N4H5,ordered
PRO,42,95.87,0.42028,Q8N4H5,ordered
PHE,43,95.08,0.695872,Q8N4H5,ordered
ILE,44,94.29,0.516484,Q8N4H5,ordered
LEU,45,95.46,0.53,Q8N4H5,ordered
LYS,46,95.14,0.698578,Q8N4H5,ordered
LYS,47,94.29,0.682938,Q8N4H5,ordered
LEU,48,94.33,0.579444,Q8N4H5,ordered
ASP,49,92.17,0.898675,Q8N4H5,ordered
SER,50,90.25,0.792623,Q8N4H5,ordered
ILE,51,82.73,0.954396,Q8N4H5,ordered
