aa,pos,plddt,rsa,uniprot_id,location
MET,1,55.32,1.089216,Q96I36,intermediate
PRO,2,65.57,0.697902,Q96I36,intermediate
THR,3,77.72,0.530137,Q96I36,ordered
GLY,4,78.6,0.650588,Q96I36,ordered
LYS,5,80.81,0.747867,Q96I36,ordered
GLN,6,84.41,0.595767,Q96I36,ordered
LEU,7,86.19,0.657778,Q96I36,ordered
ALA,8,88.8,0.542478,Q96I36,ordered
ASP,9,88.84,0.590066,Q96I36,ordered
ILE,10,91.2,0.58956,Q96I36,ordered
GLY,11,89.56,0.455294,Q96I36,ordered
TYR,12,90.65,0.719651,Q96I36,ordered
LYS,13,91.75,0.661137,Q96I36,ordered
THR,14,92.59,0.563014,Q96I36,ordered
PHE,15,91.56,0.611468,Q96I36,ordered
SER,16,91.66,0.437705,Q96I36,ordered
THR,17,94.4,0.527397,Q96I36,ordered
SER,18,93.71,0.490984,Q96I36,ordered
MET,19,92.85,0.541176,Q96I36,ordered
MET,20,94.03,0.665196,Q96I36,ordered
LEU,21,95.71,0.635,Q96I36,ordered
LEU,22,95.34,0.687778,Q96I36,ordered
THR,23,95.63,0.699315,Q96I36,ordered
VAL,24,96.17,0.584375,Q96I36,ordered
TYR,25,95.18,0.578603,Q96I36,ordered
GLY,26,95.92,0.415294,Q96I36,ordered
GLY,27,95.18,0.412941,Q96I36,ordered
TYR,28,94.25,0.638428,Q96I36,ordered
LEU,29,94.13,0.444444,Q96I36,ordered
CYS,30,92.02,0.555714,Q96I36,ordered
SER,31,91.74,0.6,Q96I36,ordered
VAL,32,92.63,0.360625,Q96I36,ordered
ARG,33,92.92,0.789627,Q96I36,ordered
VAL,34,92.52,0.564375,Q96I36,ordered
TYR,35,91.61,0.605677,Q96I36,ordered
HIS,36,91.08,0.66701,Q96I36,ordered
TYR,37,90.91,0.631004,Q96I36,ordered
PHE,38,90.83,0.412385,Q96I36,ordered
GLN,39,88.77,0.526984,Q96I36,ordered
TRP,40,87.55,0.62471,Q96I36,ordered
ARG,41,88.44,0.462656,Q96I36,ordered
ARG,42,86.74,0.563485,Q96I36,ordered
ALA,43,85.58,0.474336,Q96I36,ordered
GLN,44,84.96,0.52963,Q96I36,ordered
ARG,45,84.6,0.527801,Q96I36,ordered
GLN,46,83.28,0.626984,Q96I36,ordered
ALA,47,82.12,0.411504,Q96I36,ordered
ALA,48,81.35,0.530973,Q96I36,ordered
GLU,49,80.07,0.686339,Q96I36,ordered
GLU,50,76.33,0.746448,Q96I36,ordered
GLN,51,71.75,0.76455,Q96I36,ordered
LYS,52,70.74,0.671564,Q96I36,ordered
THR,53,73.49,0.653425,Q96I36,ordered
SER,54,68.95,0.730328,Q96I36,intermediate
GLY,55,63.56,0.782353,Q96I36,intermediate
ILE,56,59.59,0.718132,Q96I36,intermediate
MET,57,47.08,1.096569,Q96I36,intermediate
