aa,pos,plddt,rsa,uniprot_id,location
MET,1,44.56,1.240196,Q96IX5,disordered
ALA,2,55.61,0.776991,Q96IX5,intermediate
GLY,3,55.41,0.414118,Q96IX5,intermediate
PRO,4,59.66,0.78042,Q96IX5,intermediate
GLU,5,54.26,0.715301,Q96IX5,intermediate
SER,6,56.09,0.40082,Q96IX5,intermediate
ASP,7,55.78,0.806623,Q96IX5,intermediate
ALA,8,56.48,0.606195,Q96IX5,intermediate
GLN,9,58.29,0.771958,Q96IX5,intermediate
TYR,10,61.71,0.379913,Q96IX5,intermediate
GLN,11,65.79,0.79418,Q96IX5,intermediate
PHE,12,68.86,0.278899,Q96IX5,intermediate
THR,13,73.97,0.796575,Q96IX5,ordered
GLY,14,77.61,0.636471,Q96IX5,ordered
ILE,15,75.15,0.731868,Q96IX5,ordered
LYS,16,74.43,0.669194,Q96IX5,ordered
LYS,17,75.2,0.546919,Q96IX5,ordered
TYR,18,72.42,0.529258,Q96IX5,ordered
PHE,19,75.14,0.485321,Q96IX5,ordered
ASN,20,73.06,0.103165,Q96IX5,ordered
SER,21,74.15,0.653279,Q96IX5,ordered
TYR,22,71.19,0.625328,Q96IX5,ordered
THR,23,76.59,0.246575,Q96IX5,ordered
LEU,24,77.2,0.72,Q96IX5,ordered
THR,25,77.87,0.554795,Q96IX5,ordered
GLY,26,81.31,0.0,Q96IX5,ordered
ARG,27,82.61,0.552697,Q96IX5,ordered
MET,28,84.55,0.604412,Q96IX5,ordered
ASN,29,85.92,0.246835,Q96IX5,ordered
CYS,30,85.06,0.447143,Q96IX5,ordered
VAL,31,88.36,0.431875,Q96IX5,ordered
LEU,32,90.88,0.64,Q96IX5,ordered
ALA,33,90.89,0.388496,Q96IX5,ordered
THR,34,92.13,0.430822,Q96IX5,ordered
TYR,35,93.43,0.660262,Q96IX5,ordered
GLY,36,94.92,0.376471,Q96IX5,ordered
SER,37,93.71,0.420492,Q96IX5,ordered
ILE,38,95.45,0.502198,Q96IX5,ordered
ALA,39,94.93,0.523894,Q96IX5,ordered
LEU,40,95.05,0.65,Q96IX5,ordered
ILE,41,94.37,0.506044,Q96IX5,ordered
VAL,42,92.93,0.578125,Q96IX5,ordered
LEU,43,94.0,0.453333,Q96IX5,ordered
TYR,44,92.35,0.575983,Q96IX5,ordered
PHE,45,90.06,0.604587,Q96IX5,ordered
LYS,46,86.56,0.808057,Q96IX5,ordered
LEU,47,88.46,0.709444,Q96IX5,ordered
ARG,48,79.63,0.578008,Q96IX5,ordered
SER,49,65.38,0.762295,Q96IX5,intermediate
LYS,50,62.9,0.870142,Q96IX5,intermediate
LYS,51,57.65,0.926066,Q96IX5,intermediate
THR,52,61.0,0.747945,Q96IX5,intermediate
PRO,53,56.14,0.708392,Q96IX5,intermediate
ALA,54,60.76,0.923894,Q96IX5,intermediate
VAL,55,59.5,0.744375,Q96IX5,intermediate
LYS,56,53.11,0.840758,Q96IX5,intermediate
ALA,57,50.4,0.926549,Q96IX5,intermediate
THR,58,57.2,1.264384,Q96IX5,intermediate
