aa,pos,plddt,rsa,uniprot_id,location
MET,1,83.53,0.831373,Q9NPE3,ordered
PHE,2,93.0,0.822018,Q9NPE3,ordered
LEU,3,96.51,0.369444,Q9NPE3,ordered
GLN,4,97.12,0.058201,Q9NPE3,ordered
TYR,5,97.41,0.19083,Q9NPE3,ordered
TYR,6,97.11,0.232314,Q9NPE3,ordered
LEU,7,95.88,0.599444,Q9NPE3,ordered
ASN,8,93.01,0.296835,Q9NPE3,ordered
GLU,9,93.47,1.002186,Q9NPE3,ordered
GLN,10,94.72,0.721164,Q9NPE3,ordered
GLY,11,93.62,0.555294,Q9NPE3,ordered
ASP,12,95.97,0.571523,Q9NPE3,ordered
ARG,13,95.8,0.539834,Q9NPE3,ordered
VAL,14,96.5,0.299375,Q9NPE3,ordered
TYR,15,96.8,0.545415,Q9NPE3,ordered
THR,16,96.22,0.163699,Q9NPE3,ordered
LEU,17,96.26,0.706667,Q9NPE3,ordered
LYS,18,96.15,0.683886,Q9NPE3,ordered
LYS,19,95.38,0.600474,Q9NPE3,ordered
PHE,20,96.16,0.530275,Q9NPE3,ordered
ASP,21,93.69,0.150993,Q9NPE3,ordered
PRO,22,93.98,0.790909,Q9NPE3,ordered
MET,23,93.28,0.810294,Q9NPE3,ordered
GLY,24,94.04,0.588235,Q9NPE3,ordered
GLN,25,93.85,0.612169,Q9NPE3,ordered
GLN,26,95.72,0.782011,Q9NPE3,ordered
THR,27,96.55,0.128082,Q9NPE3,ordered
CYS,28,95.68,0.494286,Q9NPE3,ordered
SER,29,96.45,0.522951,Q9NPE3,ordered
ALA,30,96.6,0.20531,Q9NPE3,ordered
HIS,31,96.02,0.319072,Q9NPE3,ordered
PRO,32,96.19,0.831469,Q9NPE3,ordered
ALA,33,94.8,0.858407,Q9NPE3,ordered
ARG,34,94.72,0.833195,Q9NPE3,ordered
PHE,35,95.41,0.780275,Q9NPE3,ordered
SER,36,94.48,0.264754,Q9NPE3,ordered
PRO,37,95.59,0.874126,Q9NPE3,ordered
ASP,38,95.19,0.701325,Q9NPE3,ordered
ASP,39,95.27,0.283444,Q9NPE3,ordered
LYS,40,96.13,0.724171,Q9NPE3,ordered
TYR,41,96.29,0.708297,Q9NPE3,ordered
SER,42,94.79,0.363115,Q9NPE3,ordered
ARG,43,95.81,0.770954,Q9NPE3,ordered
HIS,44,97.47,0.57268,Q9NPE3,ordered
ARG,45,96.11,0.49834,Q9NPE3,ordered
ILE,46,95.67,0.527473,Q9NPE3,ordered
THR,47,97.22,0.567808,Q9NPE3,ordered
ILE,48,97.28,0.557143,Q9NPE3,ordered
LYS,49,96.89,0.433175,Q9NPE3,ordered
LYS,50,96.24,0.633649,Q9NPE3,ordered
ARG,51,96.83,0.833195,Q9NPE3,ordered
PHE,52,96.45,0.66789,Q9NPE3,ordered
LYS,53,94.28,0.686256,Q9NPE3,ordered
VAL,54,93.86,0.57,Q9NPE3,ordered
LEU,55,93.78,0.225,Q9NPE3,ordered
MET,56,90.73,0.855882,Q9NPE3,ordered
THR,57,92.14,0.884247,Q9NPE3,ordered
GLN,58,91.77,0.400529,Q9NPE3,ordered
GLN,59,87.74,0.520635,Q9NPE3,ordered
PRO,60,88.33,0.758741,Q9NPE3,ordered
ARG,61,85.66,0.894606,Q9NPE3,ordered
PRO,62,84.66,0.836364,Q9NPE3,ordered
VAL,63,85.05,0.87875,Q9NPE3,ordered
LEU,64,78.55,1.270556,Q9NPE3,ordered
