aa,pos,plddt,rsa,uniprot_id,location
MET,1,65.13,1.177941,Q9P0U1,intermediate
VAL,2,81.37,0.860625,Q9P0U1,ordered
LYS,3,85.07,0.945024,Q9P0U1,ordered
LEU,4,86.91,0.573889,Q9P0U1,ordered
SER,5,92.57,0.559836,Q9P0U1,ordered
LYS,6,93.27,0.843128,Q9P0U1,ordered
GLU,7,95.05,0.538798,Q9P0U1,ordered
ALA,8,95.53,0.345133,Q9P0U1,ordered
LYS,9,94.7,0.540758,Q9P0U1,ordered
GLN,10,96.63,0.581481,Q9P0U1,ordered
ARG,11,96.56,0.605394,Q9P0U1,ordered
LEU,12,96.73,0.39,Q9P0U1,ordered
GLN,13,96.67,0.495238,Q9P0U1,ordered
GLN,14,97.62,0.69418,Q9P0U1,ordered
LEU,15,97.79,0.681111,Q9P0U1,ordered
PHE,16,97.42,0.544495,Q9P0U1,ordered
LYS,17,97.02,0.683412,Q9P0U1,ordered
GLY,18,97.36,0.454118,Q9P0U1,ordered
SER,19,97.25,0.396721,Q9P0U1,ordered
GLN,20,96.92,0.667196,Q9P0U1,ordered
PHE,21,96.75,0.601376,Q9P0U1,ordered
ALA,22,97.75,0.523894,Q9P0U1,ordered
ILE,23,96.48,0.648901,Q9P0U1,ordered
ARG,24,94.59,0.727386,Q9P0U1,ordered
TRP,25,96.24,0.654826,Q9P0U1,ordered
GLY,26,97.06,0.403529,Q9P0U1,ordered
PHE,27,96.14,0.600459,Q9P0U1,ordered
ILE,28,94.84,0.571429,Q9P0U1,ordered
PRO,29,95.48,0.514685,Q9P0U1,ordered
LEU,30,97.63,0.520556,Q9P0U1,ordered
VAL,31,95.63,0.474375,Q9P0U1,ordered
ILE,32,94.8,0.358791,Q9P0U1,ordered
TYR,33,95.91,0.577293,Q9P0U1,ordered
LEU,34,96.84,0.518333,Q9P0U1,ordered
GLY,35,94.14,0.4,Q9P0U1,ordered
PHE,36,94.1,0.33211,Q9P0U1,ordered
LYS,37,94.82,0.685308,Q9P0U1,ordered
ARG,38,94.17,0.760581,Q9P0U1,ordered
GLY,39,92.0,0.215294,Q9P0U1,ordered
ALA,40,91.88,0.255752,Q9P0U1,ordered
ASP,41,92.63,0.499338,Q9P0U1,ordered
PRO,42,94.66,0.962937,Q9P0U1,ordered
GLY,43,93.21,1.032941,Q9P0U1,ordered
MET,44,92.41,0.622549,Q9P0U1,ordered
PRO,45,90.52,0.791608,Q9P0U1,ordered
GLU,46,90.59,0.687432,Q9P0U1,ordered
PRO,47,91.09,0.30979,Q9P0U1,ordered
THR,48,92.43,0.469863,Q9P0U1,ordered
VAL,49,91.26,0.694375,Q9P0U1,ordered
LEU,50,91.33,0.608333,Q9P0U1,ordered
SER,51,87.43,0.496721,Q9P0U1,ordered
LEU,52,88.43,0.536667,Q9P0U1,ordered
LEU,53,89.37,0.749444,Q9P0U1,ordered
TRP,54,79.65,0.773745,Q9P0U1,ordered
GLY,55,65.74,1.623529,Q9P0U1,intermediate
